{
  "title": "Academic Catalog",
  "description": "A catalog listing the courses offered by a an organization.",
  "type": "object",
  "properties": {
    "metadata": {
      "title": "Metadata",
      "description": "Metadata about the JSON payload",
      "type": "object",
      "properties": {
        "createdBy": {
          "title": "Created By",
          "description": "The name of the originator (user or system) of the data. This is informational only, do not use in business logic!",
          "type": "string"
        },
        "createdOn": {
          "title": "Created On",
          "description": "The date and time when the entity instance was created",
          "oneOf": [
            {
              "type": "string",
              "format": "date-time",
              "pattern": "^(-?(?:[1-9][0-9]*)?[0-9]{4})-(1[0-2]|0[1-9])-(3[0-1]|0[1-9]|[1-2][0-9])T(2[0-3]|[0-1][0-9]):([0-5][0-9]):([0-5][0-9])(\\.[0-9]+)?(Z|[+-](?:2[0-3]|[0-1][0-9]):[0-5][0-9])?$"
            },
            {
              "type": "string",
              "maxLength": 0
            }
          ]
        },
        "modifiedBy": {
          "title": "Modified By",
          "description": "The name of the modifier (user or system) of the data. This is informational only, do not use in business logic!",
          "type": "string"
        },
        "modifiedOn": {
          "title": "Modified On",
          "description": "The date and time when the entity instance was last modified",
          "oneOf": [
            {
              "type": "string",
              "format": "date-time",
              "pattern": "^(-?(?:[1-9][0-9]*)?[0-9]{4})-(1[0-2]|0[1-9])-(3[0-1]|0[1-9]|[1-2][0-9])T(2[0-3]|[0-1][0-9]):([0-5][0-9]):([0-5][0-9])(\\.[0-9]+)?(Z|[+-](?:2[0-3]|[0-1][0-9]):[0-5][0-9])?$"
            },
            {
              "type": "string",
              "maxLength": 0
            }
          ]
        }
      },
      "additionalProperties": false
    },
    "id": {
      "title": "ID",
      "description": "A global identifier of an academic catalog to be used in all external references.",
      "type": "string",
      "format": "guid",
      "pattern": "^[a-f0-9]{8}(?:-[a-f0-9]{4}){3}-[a-f0-9]{12}$"
    },
    "title": {
      "title": "Title",
      "description": "The full name of an academic catalog.",
      "type": "string",
      "minLength": 1
    },
    "description": {
      "title": "Description",
      "description": "A full description of an academic catalog.",
      "type": "string"
    },
    "code": {
      "title": "Code",
      "description": "The code that identifies the academic catalog",
      "type": "string"
    },
    "startOn": {
      "title": "Start Date",
      "description": "The initial date when an academic catalog is in effect.",
      "oneOf": [
        {
          "type": "string",
          "format": "date-time",
          "pattern": "^(-?(?:[1-9][0-9]*)?[0-9]{4})-(1[0-2]|0[1-9])-(3[0-1]|0[1-9]|[1-2][0-9])T(2[0-3]|[0-1][0-9]):([0-5][0-9]):([0-5][0-9])(\\.[0-9]+)?(Z|[+-](?:2[0-3]|[0-1][0-9]):[0-5][0-9])?$"
        },
        {
          "type": "string",
          "maxLength": 0
        }
      ]
    },
    "endOn": {
      "title": "End Date",
      "description": "The last date when an academic catalog is in effect.",
      "oneOf": [
        {
          "type": "string",
          "format": "date-time",
          "pattern": "^(-?(?:[1-9][0-9]*)?[0-9]{4})-(1[0-2]|0[1-9])-(3[0-1]|0[1-9]|[1-2][0-9])T(2[0-3]|[0-1][0-9]):([0-5][0-9]):([0-5][0-9])(\\.[0-9]+)?(Z|[+-](?:2[0-3]|[0-1][0-9]):[0-5][0-9])?$"
        },
        {
          "type": "string",
          "maxLength": 0
        }
      ]
    },
    "status": {
      "title": "Status",
      "description": "A status of an academic catalog. ",
      "enum": [
        "active",
        "inactive"
      ],
      "type": "string"
    },
    "organization": {
      "title": "Organization",
      "description": "The organization which owns the academic catalog",
      "oneOf": [
        {
          "type": "object",
          "properties": {
            "id": {
              "title": "ID",
              "description": "The global identifier for Organization",
              "type": "string",
              "format": "guid",
              "pattern": "^[a-f0-9]{8}(?:-[a-f0-9]{4}){3}-[a-f0-9]{12}$"
            }
          },
          "links": [
            {
              "rel": "self",
              "href": "/organizations/{id}",
              "targetSchema": {
                "$ref": "organizations.json#"
              }
            }
          ],
          "additionalProperties": false,
          "required": [
            "id"
          ]
        },
        {
          "type": "object",
          "maxProperties": 0
        }
      ]
    },
    "academicPrograms": {
      "title": "Academic Programs",
      "description": "Academic programs which make up the catalog.",
      "type": "array",
      "items": {
        "title": "Academic Programs",
        "description": "Academic programs which make up the catalog.",
        "type": "object",
        "properties": {
          "id": {
            "title": "ID",
            "description": "The global identifier for Academic Programs",
            "type": "string",
            "format": "guid",
            "pattern": "^[a-f0-9]{8}(?:-[a-f0-9]{4}){3}-[a-f0-9]{12}$"
          }
        },
        "links": [
          {
            "rel": "self",
            "href": "/academic-programs/{id}",
            "targetSchema": {
              "$ref": "academic-programs.json#"
            }
          }
        ],
        "additionalProperties": false,
        "required": [
          "id"
        ]
      }
    }
  },
  "required": [
    "id",
    "title",
    "status"
  ],
  "additionalProperties": false
}