{
  "title": "Academic Honor",
  "description": "Honor presented to a student based on academic achievement.",
  "type": "object",
  "properties": {
    "metadata": {
      "title": "Metadata",
      "description": "Metadata about the JSON payload",
      "type": "object",
      "properties": {
        "createdBy": {
          "title": "Created By",
          "description": "The name of the originator (user or system) of the data. This is informational only, do not use in business logic!",
          "type": "string"
        },
        "createdOn": {
          "title": "Created On",
          "description": "The date and time when the entity instance was created",
          "oneOf": [
            {
              "type": "string",
              "format": "date-time",
              "pattern": "^(-?(?:[1-9][0-9]*)?[0-9]{4})-(1[0-2]|0[1-9])-(3[0-1]|0[1-9]|[1-2][0-9])T(2[0-3]|[0-1][0-9]):([0-5][0-9]):([0-5][0-9])(\\.[0-9]+)?(Z|[+-](?:2[0-3]|[0-1][0-9]):[0-5][0-9])?$"
            },
            {
              "type": "string",
              "maxLength": 0
            }
          ]
        },
        "modifiedBy": {
          "title": "Modified By",
          "description": "The name of the modifier (user or system) of the data. This is informational only, do not use in business logic!",
          "type": "string"
        },
        "modifiedOn": {
          "title": "Modified On",
          "description": "The date and time when the entity instance was last modified",
          "oneOf": [
            {
              "type": "string",
              "format": "date-time",
              "pattern": "^(-?(?:[1-9][0-9]*)?[0-9]{4})-(1[0-2]|0[1-9])-(3[0-1]|0[1-9]|[1-2][0-9])T(2[0-3]|[0-1][0-9]):([0-5][0-9]):([0-5][0-9])(\\.[0-9]+)?(Z|[+-](?:2[0-3]|[0-1][0-9]):[0-5][0-9])?$"
            },
            {
              "type": "string",
              "maxLength": 0
            }
          ]
        }
      },
      "additionalProperties": false
    },
    "id": {
      "title": "ID",
      "description": "A global identifier of an academic honor.",
      "type": "string",
      "format": "guid",
      "pattern": "^[a-f0-9]{8}(?:-[a-f0-9]{4}){3}-[a-f0-9]{12}$"
    },
    "code": {
      "title": "Code",
      "description": "The code that identifies the academic honor.",
      "type": "string"
    },
    "title": {
      "title": "Title",
      "description": "The full name of an academic honor.",
      "type": "string",
      "minLength": 1
    },
    "description": {
      "title": "Description",
      "description": "A full description of an academic honor",
      "type": "string"
    },
    "type": {
      "title": "Type",
      "description": "A type of academic honor.",
      "enum": [
        "award",
        "distinction"
      ],
      "type": "string"
    },
    "organization": {
      "title": "Awarding Organization",
      "description": "The organization which awards the academic honor.",
      "type": "object",
      "properties": {
        "id": {
          "title": "ID",
          "description": "The global identifier for Awarding Organization",
          "type": "string",
          "format": "guid",
          "pattern": "^[a-f0-9]{8}(?:-[a-f0-9]{4}){3}-[a-f0-9]{12}$"
        }
      },
      "links": [
        {
          "rel": "self",
          "href": "/organizations/{id}",
          "targetSchema": {
            "$ref": "organizations.json#"
          }
        }
      ],
      "additionalProperties": false,
      "required": [
        "id"
      ]
    }
  },
  "required": [
    "id",
    "title",
    "type"
  ],
  "additionalProperties": false
}