{
  "title": "Constituent Activity",
  "description": "Activities in which a constituent is involved.",
  "type": "object",
  "properties": {
    "metadata": {
      "title": "Metadata",
      "description": "Metadata about the JSON payload",
      "type": "object",
      "properties": {
        "createdBy": {
          "title": "Created By",
          "description": "The name of the originator (user or system) of the data. This is informational only, do not use in business logic!",
          "type": "string"
        },
        "createdOn": {
          "title": "Created On",
          "description": "The date and time when the entity instance was created",
          "oneOf": [
            {
              "type": "string",
              "format": "date-time",
              "pattern": "^(-?(?:[1-9][0-9]*)?[0-9]{4})-(1[0-2]|0[1-9])-(3[0-1]|0[1-9]|[1-2][0-9])T(2[0-3]|[0-1][0-9]):([0-5][0-9]):([0-5][0-9])(\\.[0-9]+)?(Z|[+-](?:2[0-3]|[0-1][0-9]):[0-5][0-9])?$"
            },
            {
              "type": "string",
              "maxLength": 0
            }
          ]
        },
        "modifiedBy": {
          "title": "Modified By",
          "description": "The name of the modifier (user or system) of the data. This is informational only, do not use in business logic!",
          "type": "string"
        },
        "modifiedOn": {
          "title": "Modified On",
          "description": "The date and time when the entity instance was last modified",
          "oneOf": [
            {
              "type": "string",
              "format": "date-time",
              "pattern": "^(-?(?:[1-9][0-9]*)?[0-9]{4})-(1[0-2]|0[1-9])-(3[0-1]|0[1-9]|[1-2][0-9])T(2[0-3]|[0-1][0-9]):([0-5][0-9]):([0-5][0-9])(\\.[0-9]+)?(Z|[+-](?:2[0-3]|[0-1][0-9]):[0-5][0-9])?$"
            },
            {
              "type": "string",
              "maxLength": 0
            }
          ]
        }
      },
      "additionalProperties": false
    },
    "id": {
      "title": "ID",
      "description": "A global identifier of a constituent activity",
      "type": "string",
      "format": "guid",
      "pattern": "^[a-f0-9]{8}(?:-[a-f0-9]{4}){3}-[a-f0-9]{12}$"
    },
    "constituent": {
      "title": "Constituent",
      "description": "",
      "oneOf": [
        {
          "title": "Person",
          "description": "A person who is involved in an activity.",
          "type": "object",
          "properties": {
            "person": {
              "title": "Person",
              "description": "A human being or other independent agent.",
              "type": "object",
              "properties": {
                "id": {
                  "title": "ID",
                  "description": "The global identifier for Person",
                  "type": "string",
                  "format": "guid",
                  "pattern": "^[a-f0-9]{8}(?:-[a-f0-9]{4}){3}-[a-f0-9]{12}$"
                }
              },
              "links": [
                {
                  "rel": "self",
                  "href": "/persons/{id}",
                  "targetSchema": {
                    "$ref": "persons.json#"
                  }
                }
              ],
              "additionalProperties": false,
              "required": [
                "id"
              ]
            }
          },
          "additionalProperties": false,
          "required": [
            "person"
          ]
        },
        {
          "title": "Organization",
          "description": "An organization which is involved in an activity.",
          "type": "object",
          "properties": {
            "organization": {
              "title": "Organization",
              "description": "Represents a collection of people organized together into a community or other social, commercial or political structure for the purposes of education. The group has some common purpose or reason for existence which goes beyond the set of people belonging to it and can act as an Agent. Organizations are often decomposable into hierarchical structures. In the higher education context, it represents an Institution, School, College, Center, Division, and any other organizational unit that can act as an Agent.",
              "type": "object",
              "properties": {
                "id": {
                  "title": "ID",
                  "description": "The global identifier for Organization",
                  "type": "string",
                  "format": "guid",
                  "pattern": "^[a-f0-9]{8}(?:-[a-f0-9]{4}){3}-[a-f0-9]{12}$"
                }
              },
              "links": [
                {
                  "rel": "self",
                  "href": "/organizations/{id}",
                  "targetSchema": {
                    "$ref": "organizations.json#"
                  }
                }
              ],
              "additionalProperties": false,
              "required": [
                "id"
              ]
            }
          },
          "additionalProperties": false,
          "required": [
            "organization"
          ]
        }
      ]
    },
    "activityType": {
      "title": "Activity Type",
      "description": "The activity type in which the constituent is involved.",
      "type": "object",
      "properties": {
        "id": {
          "title": "ID",
          "description": "The global identifier for Activity Type",
          "type": "string",
          "format": "guid",
          "pattern": "^[a-f0-9]{8}(?:-[a-f0-9]{4}){3}-[a-f0-9]{12}$"
        }
      },
      "links": [
        {
          "rel": "self",
          "href": "/constituent-activity-types/{id}",
          "targetSchema": {
            "$ref": "constituent-activity-types.json#"
          }
        }
      ],
      "additionalProperties": false,
      "required": [
        "id"
      ]
    },
    "participationType": {
      "title": "Participation Type",
      "description": "",
      "oneOf": [
        {
          "type": "object",
          "properties": {
            "id": {
              "title": "ID",
              "description": "The global identifier for Participation Type",
              "type": "string",
              "format": "guid",
              "pattern": "^[a-f0-9]{8}(?:-[a-f0-9]{4}){3}-[a-f0-9]{12}$"
            }
          },
          "links": [
            {
              "rel": "self",
              "href": "/constituent-participation-types/{id}",
              "targetSchema": {
                "$ref": "constituent-participation-types.json#"
              }
            }
          ],
          "additionalProperties": false,
          "required": [
            "id"
          ]
        },
        {
          "type": "object",
          "maxProperties": 0
        }
      ]
    },
    "startOn": {
      "title": "Start Date",
      "description": "The date when a constituent's involvement in an activity started.",
      "oneOf": [
        {
          "type": "string",
          "format": "date-time",
          "pattern": "^(-?(?:[1-9][0-9]*)?[0-9]{4})-(1[0-2]|0[1-9])-(3[0-1]|0[1-9]|[1-2][0-9])T(2[0-3]|[0-1][0-9]):([0-5][0-9]):([0-5][0-9])(\\.[0-9]+)?(Z|[+-](?:2[0-3]|[0-1][0-9]):[0-5][0-9])?$"
        },
        {
          "type": "string",
          "maxLength": 0
        }
      ]
    },
    "endOn": {
      "title": "End Date",
      "description": "The date when a constituent's involvement in an activity ended.",
      "oneOf": [
        {
          "type": "string",
          "format": "date-time",
          "pattern": "^(-?(?:[1-9][0-9]*)?[0-9]{4})-(1[0-2]|0[1-9])-(3[0-1]|0[1-9]|[1-2][0-9])T(2[0-3]|[0-1][0-9]):([0-5][0-9]):([0-5][0-9])(\\.[0-9]+)?(Z|[+-](?:2[0-3]|[0-1][0-9]):[0-5][0-9])?$"
        },
        {
          "type": "string",
          "maxLength": 0
        }
      ]
    },
    "source": {
      "title": "Source",
      "description": "The source of the constituent activity information.",
      "oneOf": [
        {
          "type": "object",
          "properties": {
            "id": {
              "title": "ID",
              "description": "The global identifier for Source",
              "type": "string",
              "format": "guid",
              "pattern": "^[a-f0-9]{8}(?:-[a-f0-9]{4}){3}-[a-f0-9]{12}$"
            }
          },
          "links": [
            {
              "rel": "self",
              "href": "/sources/{id}",
              "targetSchema": {
                "$ref": "sources.json#"
              }
            }
          ],
          "additionalProperties": false,
          "required": [
            "id"
          ]
        },
        {
          "type": "object",
          "maxProperties": 0
        }
      ]
    }
  },
  "required": [
    "id",
    "constituent",
    "activityType"
  ],
  "additionalProperties": false
}