{
  "title": "Country",
  "description": "A region that is identified as a distinct entity in political geography.",
  "type": "object",
  "properties": {
    "metadata": {
      "title": "Metadata",
      "description": "Metadata about the JSON payload",
      "type": "object",
      "properties": {
        "createdBy": {
          "title": "Created By",
          "description": "The name of the originator (user or system) of the data. This is informational only, do not use in business logic!",
          "type": "string"
        },
        "createdOn": {
          "title": "Created On",
          "description": "The date and time when the entity instance was created",
          "oneOf": [
            {
              "type": "string",
              "format": "date-time",
              "pattern": "^(-?(?:[1-9][0-9]*)?[0-9]{4})-(1[0-2]|0[1-9])-(3[0-1]|0[1-9]|[1-2][0-9])T(2[0-3]|[0-1][0-9]):([0-5][0-9]):([0-5][0-9])(\\.[0-9]+)?(Z|[+-](?:2[0-3]|[0-1][0-9]):[0-5][0-9])?$"
            },
            {
              "type": "string",
              "maxLength": 0
            }
          ]
        },
        "modifiedBy": {
          "title": "Modified By",
          "description": "The name of the modifier (user or system) of the data. This is informational only, do not use in business logic!",
          "type": "string"
        },
        "modifiedOn": {
          "title": "Modified On",
          "description": "The date and time when the entity instance was last modified",
          "oneOf": [
            {
              "type": "string",
              "format": "date-time",
              "pattern": "^(-?(?:[1-9][0-9]*)?[0-9]{4})-(1[0-2]|0[1-9])-(3[0-1]|0[1-9]|[1-2][0-9])T(2[0-3]|[0-1][0-9]):([0-5][0-9]):([0-5][0-9])(\\.[0-9]+)?(Z|[+-](?:2[0-3]|[0-1][0-9]):[0-5][0-9])?$"
            },
            {
              "type": "string",
              "maxLength": 0
            }
          ]
        }
      },
      "additionalProperties": false
    },
    "id": {
      "title": "Id",
      "description": "A global identifier of a country",
      "type": "string",
      "format": "guid",
      "pattern": "^[a-f0-9]{8}(?:-[a-f0-9]{4}){3}-[a-f0-9]{12}$"
    },
    "title": {
      "title": "Title",
      "description": "The full name of a country",
      "type": "string",
      "minLength": 1
    },
    "description": {
      "title": "Description",
      "description": "The description of a country",
      "type": "string"
    },
    "alpha2Code": {
      "title": "Alpha-2 Code",
      "description": "The two-letter country code defined in the ISO 3166 standard that identifies the country.",
      "type": "string",
      "minLength": 1
    },
    "alpha3Code": {
      "title": "Alpha-3 Code",
      "description": "The three-letter country code defined in the ISO 3166 standard that identifies the country.",
      "type": "string",
      "minLength": 1
    },
    "numericCode": {
      "title": "Numeric Code",
      "description": "The three digit numeric country code defined in the ISO 3166 standard that identifies the country.",
      "type": "integer"
    },
    "telephoneCode": {
      "title": "Telephone Code",
      "description": "The telepone calling code for the country",
      "type": "string",
      "format": "countryCallingCode",
      "pattern": "^\\+?[1-9][0-9]{0,3}$"
    },
    "worldRegion": {
      "title": "World Region",
      "description": "The region of the world where the country resides.",
      "type": "string"
    }
  },
  "required": [
    "id",
    "title",
    "alpha2Code",
    "alpha3Code"
  ],
  "additionalProperties": false
}