{
  "title": "Donation",
  "description": "A donation made to an institution",
  "type": "object",
  "properties": {
    "metadata": {
      "title": "Metadata",
      "description": "Metadata about the JSON payload",
      "type": "object",
      "properties": {
        "createdBy": {
          "title": "Created By",
          "description": "The name of the originator (user or system) of the data. This is informational only, do not use in business logic!",
          "type": "string"
        },
        "createdOn": {
          "title": "Created On",
          "description": "The date and time when the entity instance was created",
          "oneOf": [
            {
              "type": "string",
              "format": "date-time",
              "pattern": "^(-?(?:[1-9][0-9]*)?[0-9]{4})-(1[0-2]|0[1-9])-(3[0-1]|0[1-9]|[1-2][0-9])T(2[0-3]|[0-1][0-9]):([0-5][0-9]):([0-5][0-9])(\\.[0-9]+)?(Z|[+-](?:2[0-3]|[0-1][0-9]):[0-5][0-9])?$"
            },
            {
              "type": "string",
              "maxLength": 0
            }
          ]
        },
        "modifiedBy": {
          "title": "Modified By",
          "description": "The name of the modifier (user or system) of the data. This is informational only, do not use in business logic!",
          "type": "string"
        },
        "modifiedOn": {
          "title": "Modified On",
          "description": "The date and time when the entity instance was last modified",
          "oneOf": [
            {
              "type": "string",
              "format": "date-time",
              "pattern": "^(-?(?:[1-9][0-9]*)?[0-9]{4})-(1[0-2]|0[1-9])-(3[0-1]|0[1-9]|[1-2][0-9])T(2[0-3]|[0-1][0-9]):([0-5][0-9]):([0-5][0-9])(\\.[0-9]+)?(Z|[+-](?:2[0-3]|[0-1][0-9]):[0-5][0-9])?$"
            },
            {
              "type": "string",
              "maxLength": 0
            }
          ]
        }
      },
      "additionalProperties": false
    },
    "id": {
      "title": "ID",
      "description": "A globally unique identifier of a donation",
      "type": "string",
      "format": "guid",
      "pattern": "^[a-f0-9]{8}(?:-[a-f0-9]{4}){3}-[a-f0-9]{12}$"
    },
    "code": {
      "title": "Code",
      "description": "A human readable reference code to identify a particular donation",
      "type": "string"
    },
    "donorAllocations": {
      "title": "Donor Allocation",
      "description": "Allocation of the donation between donors and designations",
      "type": "array",
      "items": {
        "type": "object",
        "properties": {
          "donor": {
            "title": "Donor",
            "description": "",
            "oneOf": [
              {
                "title": "Individual Donor",
                "description": "A person who is making, or contributing towards, a donation",
                "type": "object",
                "properties": {
                  "person": {
                    "title": "Person",
                    "description": "A human being or other independent agent",
                    "type": "object",
                    "properties": {
                      "id": {
                        "title": "ID",
                        "description": "The global identifier for Person",
                        "type": "string",
                        "format": "guid",
                        "pattern": "^[a-f0-9]{8}(?:-[a-f0-9]{4}){3}-[a-f0-9]{12}$"
                      }
                    },
                    "links": [
                      {
                        "rel": "self",
                        "href": "/persons/{id}",
                        "targetSchema": {
                          "$ref": "persons.json#"
                        }
                      }
                    ],
                    "additionalProperties": false,
                    "required": [
                      "id"
                    ]
                  }
                },
                "additionalProperties": false,
                "required": [
                  "person"
                ]
              },
              {
                "title": "Organization",
                "description": "An organization that is making, or contributing towards, a donation",
                "type": "object",
                "properties": {
                  "organization": {
                    "title": "Organization",
                    "description": "A commercial, non-profit, political or religious organization",
                    "type": "object",
                    "properties": {
                      "id": {
                        "title": "ID",
                        "description": "The global identifier for Organization",
                        "type": "string",
                        "format": "guid",
                        "pattern": "^[a-f0-9]{8}(?:-[a-f0-9]{4}){3}-[a-f0-9]{12}$"
                      }
                    },
                    "links": [
                      {
                        "rel": "self",
                        "href": "/organizations/{id}",
                        "targetSchema": {
                          "$ref": "organizations.json#"
                        }
                      }
                    ],
                    "additionalProperties": false,
                    "required": [
                      "id"
                    ]
                  }
                },
                "additionalProperties": false,
                "required": [
                  "organization"
                ]
              }
            ]
          },
          "classYear": {
            "title": "Class Year",
            "description": "Preferred class (graduation) year specified for the donor",
            "oneOf": [
              {
                "type": "string",
                "format": "year",
                "pattern": "^([1-9][0-9]*)?[0-9]{4}$"
              },
              {
                "type": "string",
                "maxLength": 0
              }
            ]
          },
          "campaign": {
            "title": "Campaign",
            "description": "A fundraising campaign associated with a donation",
            "oneOf": [
              {
                "type": "object",
                "properties": {
                  "id": {
                    "title": "ID",
                    "description": "The global identifier for Campaign",
                    "type": "string",
                    "format": "guid",
                    "pattern": "^[a-f0-9]{8}(?:-[a-f0-9]{4}){3}-[a-f0-9]{12}$"
                  }
                },
                "links": [
                  {
                    "rel": "self",
                    "href": "/campaigns/{id}",
                    "targetSchema": {
                      "$ref": "campaigns.json#"
                    }
                  }
                ],
                "additionalProperties": false,
                "required": [
                  "id"
                ]
              },
              {
                "type": "object",
                "maxProperties": 0
              }
            ]
          },
          "appeal": {
            "title": "Appeal",
            "description": "A fundraising appeal associated with a donation",
            "oneOf": [
              {
                "type": "object",
                "properties": {
                  "id": {
                    "title": "ID",
                    "description": "The global identifier for Appeal",
                    "type": "string",
                    "format": "guid",
                    "pattern": "^[a-f0-9]{8}(?:-[a-f0-9]{4}){3}-[a-f0-9]{12}$"
                  }
                },
                "links": [
                  {
                    "rel": "self",
                    "href": "/appeals/{id}",
                    "targetSchema": {
                      "$ref": "appeals.json#"
                    }
                  }
                ],
                "additionalProperties": false,
                "required": [
                  "id"
                ]
              },
              {
                "type": "object",
                "maxProperties": 0
              }
            ]
          },
          "amount": {
            "title": "Amount",
            "description": "The amount of the donation to be attributed to a donor",
            "type": "object",
            "properties": {
              "currency": {
                "title": "currency",
                "description": "",
                "type": "object",
                "properties": {
                  "value": {
                    "title": "Value",
                    "description": "",
                    "minimum": 0,
                    "type": "number",
                    "format": "positiveNumber"
                  },
                  "currency": {
                    "title": "Currency",
                    "description": "",
                    "enum": [
                      "AED",
                      "AFN",
                      "ALL",
                      "AMD",
                      "ANG",
                      "AOA",
                      "ARS",
                      "AUD",
                      "AWG",
                      "AZN",
                      "BAM",
                      "BBD",
                      "BDT",
                      "BGN",
                      "BHD",
                      "BIF",
                      "BMD",
                      "BND",
                      "BOB",
                      "BRL",
                      "BSD",
                      "BTN",
                      "BWP",
                      "BYR",
                      "BZD",
                      "CAD",
                      "CDF",
                      "CHF",
                      "CLP",
                      "CNY",
                      "COP",
                      "CRC",
                      "CUC",
                      "CUP",
                      "CVE",
                      "CZK",
                      "DJF",
                      "DKK",
                      "DOP",
                      "DZD",
                      "EGP",
                      "ERN",
                      "ETB",
                      "EUR",
                      "FJD",
                      "FKP",
                      "GBP",
                      "GEL",
                      "GHS",
                      "GIP",
                      "GMD",
                      "GNF",
                      "GTQ",
                      "GYD",
                      "HKD",
                      "HNL",
                      "HRK",
                      "HTG",
                      "HUF",
                      "IDR",
                      "ILS",
                      "INR",
                      "IQD",
                      "IRR",
                      "ISK",
                      "JMD",
                      "JOD",
                      "JPY",
                      "KES",
                      "KGS",
                      "KHR",
                      "KMF",
                      "KPW",
                      "KRW",
                      "KWD",
                      "KYD",
                      "KZT",
                      "LAK",
                      "LBP",
                      "LKR",
                      "LRD",
                      "LSL",
                      "LYD",
                      "MAD",
                      "MDL",
                      "MGA",
                      "MKD",
                      "MMK",
                      "MNT",
                      "MOP",
                      "MRO",
                      "MUR",
                      "MVR",
                      "MWK",
                      "MXN",
                      "MYR",
                      "MZN",
                      "NAD",
                      "NGN",
                      "NIO",
                      "NOK",
                      "NPR",
                      "NZD",
                      "OMR",
                      "PAB",
                      "PEN",
                      "PGK",
                      "PHP",
                      "PKR",
                      "PLN",
                      "PYG",
                      "QAR",
                      "RON",
                      "RSD",
                      "RUB",
                      "RWF",
                      "SAR",
                      "SBD",
                      "SCR",
                      "SDG",
                      "SEK",
                      "SGD",
                      "SHP",
                      "SLL",
                      "SOS",
                      "SRD",
                      "SSP",
                      "STD",
                      "SVC",
                      "SYP",
                      "SZL",
                      "THB",
                      "TJS",
                      "TMT",
                      "TND",
                      "TOP",
                      "TRY",
                      "TTD",
                      "TWD",
                      "TZS",
                      "UAH",
                      "UGX",
                      "USD",
                      "UYU",
                      "UZS",
                      "VEF",
                      "VND",
                      "VUV",
                      "WST",
                      "XAF",
                      "XCD",
                      "XOF",
                      "XPF",
                      "YER",
                      "ZAR",
                      "ZMW",
                      "ZWL"
                    ],
                    "type": "string"
                  }
                },
                "additionalProperties": false,
                "required": [
                  "value",
                  "currency"
                ]
              }
            },
            "additionalProperties": false,
            "format": "currency"
          },
          "creditType": {
            "title": "Credit Type",
            "description": "The type of credit given for the donation. It can be hard (legal) or soft (recognition).",
            "oneOf": [
              {
                "title": "One Of-1",
                "description": "",
                "type": "object",
                "properties": {
                  "donationCreditType": {
                    "title": "Donation Credit Type",
                    "description": "The credit type assigned to a donation",
                    "enum": [
                      "hard"
                    ],
                    "type": "string"
                  },
                  "donationCreditTypeReason": {
                    "title": "Credit Type Reason",
                    "description": "The reason for assigning the hard credit type for the donation",
                    "enum": [
                      "recognition",
                      "legal",
                      "other"
                    ],
                    "type": "string"
                  },
                  "detail": {
                    "title": "Detail",
                    "description": "",
                    "oneOf": [
                      {
                        "type": "object",
                        "properties": {
                          "id": {
                            "title": "ID",
                            "description": "The global identifier for Detail",
                            "type": "string",
                            "format": "guid",
                            "pattern": "^[a-f0-9]{8}(?:-[a-f0-9]{4}){3}-[a-f0-9]{12}$"
                          }
                        },
                        "links": [
                          {
                            "rel": "self",
                            "href": "/donation-credit-types/{id}",
                            "targetSchema": {
                              "$ref": "donation-credit-types.json#"
                            }
                          }
                        ],
                        "additionalProperties": false,
                        "required": [
                          "id"
                        ]
                      },
                      {
                        "type": "object",
                        "maxProperties": 0
                      }
                    ]
                  }
                },
                "additionalProperties": false,
                "required": [
                  "donationCreditType",
                  "donationCreditTypeReason"
                ]
              },
              {
                "title": "One Of-2",
                "description": "",
                "type": "object",
                "properties": {
                  "donationCreditType": {
                    "title": "Donation Credit Type",
                    "description": "The credit type assigned to a donation",
                    "enum": [
                      "soft"
                    ],
                    "type": "string"
                  },
                  "donationCreditTypeReason": {
                    "title": "Credit Type Reason",
                    "description": "The reason for assigning the soft credit type for the donation",
                    "enum": [
                      "matching",
                      "soft",
                      "other"
                    ],
                    "type": "string"
                  },
                  "detail": {
                    "title": "Detail",
                    "description": "",
                    "oneOf": [
                      {
                        "type": "object",
                        "properties": {
                          "id": {
                            "title": "ID",
                            "description": "The global identifier for Detail",
                            "type": "string",
                            "format": "guid",
                            "pattern": "^[a-f0-9]{8}(?:-[a-f0-9]{4}){3}-[a-f0-9]{12}$"
                          }
                        },
                        "links": [
                          {
                            "rel": "self",
                            "href": "/donation-credit-types/{id}",
                            "targetSchema": {
                              "$ref": "donation-credit-types.json#"
                            }
                          }
                        ],
                        "additionalProperties": false,
                        "required": [
                          "id"
                        ]
                      },
                      {
                        "type": "object",
                        "maxProperties": 0
                      }
                    ]
                  }
                },
                "additionalProperties": false,
                "required": [
                  "donationCreditType",
                  "donationCreditTypeReason"
                ]
              }
            ]
          },
          "designation": {
            "title": "Designation",
            "description": "The use designated for the donation allocation",
            "type": "object",
            "properties": {
              "id": {
                "title": "ID",
                "description": "The global identifier for Designation",
                "type": "string",
                "format": "guid",
                "pattern": "^[a-f0-9]{8}(?:-[a-f0-9]{4}){3}-[a-f0-9]{12}$"
              }
            },
            "links": [
              {
                "rel": "self",
                "href": "/designations/{id}",
                "targetSchema": {
                  "$ref": "designations.json#"
                }
              }
            ],
            "additionalProperties": false,
            "required": [
              "id"
            ]
          },
          "donorAssociationType": {
            "title": "Donor Association Type",
            "description": "The association between the donor and the donation. For example, a donor can be primary or 'in memory of', with regard to a donation.",
            "type": "object",
            "properties": {
              "id": {
                "title": "ID",
                "description": "The global identifier for Donor Association Type",
                "type": "string",
                "format": "guid",
                "pattern": "^[a-f0-9]{8}(?:-[a-f0-9]{4}){3}-[a-f0-9]{12}$"
              }
            },
            "links": [
              {
                "rel": "self",
                "href": "/donor-association-types/{id}",
                "targetSchema": {
                  "$ref": "donor-association-types.json#"
                }
              }
            ],
            "additionalProperties": false,
            "required": [
              "id"
            ]
          },
          "constituentType": {
            "title": "Constituent Type",
            "description": "The constituent type assigned to a donor. It allows classification and grouping of donors.",
            "oneOf": [
              {
                "type": "object",
                "properties": {
                  "vseSource": {
                    "title": "VSE Source",
                    "description": "The source category from the Voluntary Support for Education (VSE) survey, maintainded by the Council for Aid to Education (CAE)",
                    "enum": [
                      "alumni",
                      "parent",
                      "otherIndividual",
                      "foundation",
                      "corporation",
                      "religious",
                      "consortia",
                      "otherOrganization"
                    ],
                    "type": "string"
                  },
                  "detail": {
                    "title": "Detail",
                    "description": "",
                    "oneOf": [
                      {
                        "type": "object",
                        "properties": {
                          "id": {
                            "title": "ID",
                            "description": "The global identifier for Detail",
                            "type": "string",
                            "format": "guid",
                            "pattern": "^[a-f0-9]{8}(?:-[a-f0-9]{4}){3}-[a-f0-9]{12}$"
                          }
                        },
                        "links": [
                          {
                            "rel": "self",
                            "href": "/constituent-types/{id}",
                            "targetSchema": {
                              "$ref": "constituent-types.json#"
                            }
                          }
                        ],
                        "additionalProperties": false,
                        "required": [
                          "id"
                        ]
                      },
                      {
                        "type": "object",
                        "maxProperties": 0
                      }
                    ]
                  }
                },
                "additionalProperties": false,
                "required": [
                  "vseSource"
                ]
              },
              {
                "type": "object",
                "maxProperties": 0
              }
            ]
          }
        },
        "additionalProperties": false,
        "required": [
          "donor",
          "amount",
          "creditType",
          "designation",
          "donorAssociationType"
        ]
      }
    },
    "payments": {
      "title": "Payment",
      "description": "Payments made towards a donation",
      "type": "array",
      "items": {
        "type": "object",
        "properties": {
          "payor": {
            "title": "Payor",
            "description": "",
            "oneOf": [
              {
                "title": "Person",
                "description": "A person who made a payment towards a donation",
                "type": "object",
                "properties": {
                  "person": {
                    "title": "Person",
                    "description": "A human being or other independent agent",
                    "type": "object",
                    "properties": {
                      "id": {
                        "title": "ID",
                        "description": "The global identifier for Person",
                        "type": "string",
                        "format": "guid",
                        "pattern": "^[a-f0-9]{8}(?:-[a-f0-9]{4}){3}-[a-f0-9]{12}$"
                      }
                    },
                    "links": [
                      {
                        "rel": "self",
                        "href": "/persons/{id}",
                        "targetSchema": {
                          "$ref": "persons.json#"
                        }
                      }
                    ],
                    "additionalProperties": false,
                    "required": [
                      "id"
                    ]
                  }
                },
                "additionalProperties": false,
                "required": [
                  "person"
                ]
              },
              {
                "title": "Organization",
                "description": "An organization that made a payment towards a donation",
                "type": "object",
                "properties": {
                  "organization": {
                    "title": "Organization",
                    "description": "A commercial, non-profit, political or religious organization",
                    "type": "object",
                    "properties": {
                      "id": {
                        "title": "ID",
                        "description": "The global identifier for Organization",
                        "type": "string",
                        "format": "guid",
                        "pattern": "^[a-f0-9]{8}(?:-[a-f0-9]{4}){3}-[a-f0-9]{12}$"
                      }
                    },
                    "links": [
                      {
                        "rel": "self",
                        "href": "/organizations/{id}",
                        "targetSchema": {
                          "$ref": "organizations.json#"
                        }
                      }
                    ],
                    "additionalProperties": false,
                    "required": [
                      "id"
                    ]
                  }
                },
                "additionalProperties": false,
                "required": [
                  "organization"
                ]
              }
            ]
          },
          "amount": {
            "title": "Amount",
            "description": "The amount of a payment towards a donation",
            "type": "object",
            "properties": {
              "currency": {
                "title": "currency",
                "description": "",
                "type": "object",
                "properties": {
                  "value": {
                    "title": "Value",
                    "description": "",
                    "minimum": 0,
                    "type": "number",
                    "format": "positiveNumber"
                  },
                  "currency": {
                    "title": "Currency",
                    "description": "",
                    "enum": [
                      "AED",
                      "AFN",
                      "ALL",
                      "AMD",
                      "ANG",
                      "AOA",
                      "ARS",
                      "AUD",
                      "AWG",
                      "AZN",
                      "BAM",
                      "BBD",
                      "BDT",
                      "BGN",
                      "BHD",
                      "BIF",
                      "BMD",
                      "BND",
                      "BOB",
                      "BRL",
                      "BSD",
                      "BTN",
                      "BWP",
                      "BYR",
                      "BZD",
                      "CAD",
                      "CDF",
                      "CHF",
                      "CLP",
                      "CNY",
                      "COP",
                      "CRC",
                      "CUC",
                      "CUP",
                      "CVE",
                      "CZK",
                      "DJF",
                      "DKK",
                      "DOP",
                      "DZD",
                      "EGP",
                      "ERN",
                      "ETB",
                      "EUR",
                      "FJD",
                      "FKP",
                      "GBP",
                      "GEL",
                      "GHS",
                      "GIP",
                      "GMD",
                      "GNF",
                      "GTQ",
                      "GYD",
                      "HKD",
                      "HNL",
                      "HRK",
                      "HTG",
                      "HUF",
                      "IDR",
                      "ILS",
                      "INR",
                      "IQD",
                      "IRR",
                      "ISK",
                      "JMD",
                      "JOD",
                      "JPY",
                      "KES",
                      "KGS",
                      "KHR",
                      "KMF",
                      "KPW",
                      "KRW",
                      "KWD",
                      "KYD",
                      "KZT",
                      "LAK",
                      "LBP",
                      "LKR",
                      "LRD",
                      "LSL",
                      "LYD",
                      "MAD",
                      "MDL",
                      "MGA",
                      "MKD",
                      "MMK",
                      "MNT",
                      "MOP",
                      "MRO",
                      "MUR",
                      "MVR",
                      "MWK",
                      "MXN",
                      "MYR",
                      "MZN",
                      "NAD",
                      "NGN",
                      "NIO",
                      "NOK",
                      "NPR",
                      "NZD",
                      "OMR",
                      "PAB",
                      "PEN",
                      "PGK",
                      "PHP",
                      "PKR",
                      "PLN",
                      "PYG",
                      "QAR",
                      "RON",
                      "RSD",
                      "RUB",
                      "RWF",
                      "SAR",
                      "SBD",
                      "SCR",
                      "SDG",
                      "SEK",
                      "SGD",
                      "SHP",
                      "SLL",
                      "SOS",
                      "SRD",
                      "SSP",
                      "STD",
                      "SVC",
                      "SYP",
                      "SZL",
                      "THB",
                      "TJS",
                      "TMT",
                      "TND",
                      "TOP",
                      "TRY",
                      "TTD",
                      "TWD",
                      "TZS",
                      "UAH",
                      "UGX",
                      "USD",
                      "UYU",
                      "UZS",
                      "VEF",
                      "VND",
                      "VUV",
                      "WST",
                      "XAF",
                      "XCD",
                      "XOF",
                      "XPF",
                      "YER",
                      "ZAR",
                      "ZMW",
                      "ZWL"
                    ],
                    "type": "string"
                  }
                },
                "additionalProperties": false,
                "required": [
                  "value",
                  "currency"
                ]
              }
            },
            "additionalProperties": false,
            "format": "currency"
          },
          "paidOn": {
            "title": "Paid On Date",
            "description": "The date when a donation payment was made",
            "type": "string",
            "format": "date",
            "pattern": "^(-?(?:[1-9][0-9]*)?[0-9]{4})-(1[0-2]|0[1-9])-(3[0-1]|0[1-9]|[1-2][0-9])$"
          },
          "paymentMethod": {
            "title": "Payment Method",
            "description": "The method used to make a payment",
            "type": "object",
            "properties": {
              "method": {
                "title": "Method",
                "description": "A method of payment",
                "enum": [
                  "annuity",
                  "bequest",
                  "cash",
                  "check",
                  "creditCard",
                  "electronicFundsTransfer",
                  "moneyOrder",
                  "inKind",
                  "other"
                ],
                "type": "string"
              },
              "detail": {
                "title": "Detail",
                "description": "",
                "oneOf": [
                  {
                    "type": "object",
                    "properties": {
                      "id": {
                        "title": "ID",
                        "description": "The global identifier for Detail",
                        "type": "string",
                        "format": "guid",
                        "pattern": "^[a-f0-9]{8}(?:-[a-f0-9]{4}){3}-[a-f0-9]{12}$"
                      }
                    },
                    "links": [
                      {
                        "rel": "self",
                        "href": "/payment-methods/{id}",
                        "targetSchema": {
                          "$ref": "payment-methods.json#"
                        }
                      }
                    ],
                    "additionalProperties": false,
                    "required": [
                      "id"
                    ]
                  },
                  {
                    "type": "object",
                    "maxProperties": 0
                  }
                ]
              }
            },
            "additionalProperties": false,
            "required": [
              "method"
            ]
          },
          "externalReference": {
            "title": "External Reference",
            "description": "Reference information about a payment as required based on payment method. Can be a confirmation number, credit card transaction code, or check number.",
            "type": "string"
          }
        },
        "additionalProperties": false,
        "required": [
          "payor",
          "amount",
          "paidOn",
          "paymentMethod"
        ]
      }
    },
    "donationPromiseAllocations": {
      "title": "Donation Promise Allocation",
      "description": "The donation promises (pledge, recurring gift, matching claim) associated with the donation",
      "type": "array",
      "items": {
        "type": "object",
        "properties": {
          "donationPromise": {
            "title": "Donation Promise",
            "description": "",
            "type": "object",
            "properties": {
              "id": {
                "title": "ID",
                "description": "The global identifier for Donation Promise",
                "type": "string",
                "format": "guid",
                "pattern": "^[a-f0-9]{8}(?:-[a-f0-9]{4}){3}-[a-f0-9]{12}$"
              }
            },
            "links": [
              {
                "rel": "self",
                "href": "/donation-promises/{id}",
                "targetSchema": {
                  "$ref": "donation-promises.json#"
                }
              }
            ],
            "additionalProperties": false,
            "required": [
              "id"
            ]
          },
          "amount": {
            "title": "Amount",
            "description": "The amount of a donation attributed to the donation promise",
            "type": "object",
            "properties": {
              "currency": {
                "title": "currency",
                "description": "",
                "type": "object",
                "properties": {
                  "value": {
                    "title": "Value",
                    "description": "",
                    "minimum": 0,
                    "type": "number",
                    "format": "positiveNumber"
                  },
                  "currency": {
                    "title": "Currency",
                    "description": "",
                    "enum": [
                      "AED",
                      "AFN",
                      "ALL",
                      "AMD",
                      "ANG",
                      "AOA",
                      "ARS",
                      "AUD",
                      "AWG",
                      "AZN",
                      "BAM",
                      "BBD",
                      "BDT",
                      "BGN",
                      "BHD",
                      "BIF",
                      "BMD",
                      "BND",
                      "BOB",
                      "BRL",
                      "BSD",
                      "BTN",
                      "BWP",
                      "BYR",
                      "BZD",
                      "CAD",
                      "CDF",
                      "CHF",
                      "CLP",
                      "CNY",
                      "COP",
                      "CRC",
                      "CUC",
                      "CUP",
                      "CVE",
                      "CZK",
                      "DJF",
                      "DKK",
                      "DOP",
                      "DZD",
                      "EGP",
                      "ERN",
                      "ETB",
                      "EUR",
                      "FJD",
                      "FKP",
                      "GBP",
                      "GEL",
                      "GHS",
                      "GIP",
                      "GMD",
                      "GNF",
                      "GTQ",
                      "GYD",
                      "HKD",
                      "HNL",
                      "HRK",
                      "HTG",
                      "HUF",
                      "IDR",
                      "ILS",
                      "INR",
                      "IQD",
                      "IRR",
                      "ISK",
                      "JMD",
                      "JOD",
                      "JPY",
                      "KES",
                      "KGS",
                      "KHR",
                      "KMF",
                      "KPW",
                      "KRW",
                      "KWD",
                      "KYD",
                      "KZT",
                      "LAK",
                      "LBP",
                      "LKR",
                      "LRD",
                      "LSL",
                      "LYD",
                      "MAD",
                      "MDL",
                      "MGA",
                      "MKD",
                      "MMK",
                      "MNT",
                      "MOP",
                      "MRO",
                      "MUR",
                      "MVR",
                      "MWK",
                      "MXN",
                      "MYR",
                      "MZN",
                      "NAD",
                      "NGN",
                      "NIO",
                      "NOK",
                      "NPR",
                      "NZD",
                      "OMR",
                      "PAB",
                      "PEN",
                      "PGK",
                      "PHP",
                      "PKR",
                      "PLN",
                      "PYG",
                      "QAR",
                      "RON",
                      "RSD",
                      "RUB",
                      "RWF",
                      "SAR",
                      "SBD",
                      "SCR",
                      "SDG",
                      "SEK",
                      "SGD",
                      "SHP",
                      "SLL",
                      "SOS",
                      "SRD",
                      "SSP",
                      "STD",
                      "SVC",
                      "SYP",
                      "SZL",
                      "THB",
                      "TJS",
                      "TMT",
                      "TND",
                      "TOP",
                      "TRY",
                      "TTD",
                      "TWD",
                      "TZS",
                      "UAH",
                      "UGX",
                      "USD",
                      "UYU",
                      "UZS",
                      "VEF",
                      "VND",
                      "VUV",
                      "WST",
                      "XAF",
                      "XCD",
                      "XOF",
                      "XPF",
                      "YER",
                      "ZAR",
                      "ZMW",
                      "ZWL"
                    ],
                    "type": "string"
                  }
                },
                "additionalProperties": false,
                "required": [
                  "value",
                  "currency"
                ]
              }
            },
            "additionalProperties": false,
            "format": "currency"
          }
        },
        "additionalProperties": false,
        "required": [
          "donationPromise",
          "amount"
        ]
      }
    },
    "comment": {
      "title": "Comment",
      "description": "A comment about the donation",
      "type": "string"
    }
  },
  "required": [
    "id",
    "donorAllocations",
    "payments"
  ],
  "additionalProperties": false
}