{
  "title": "Donation Credit Type",
  "description": "A credit type associated to a donation",
  "type": "object",
  "properties": {
    "metadata": {
      "title": "Metadata",
      "description": "Metadata about the JSON payload",
      "type": "object",
      "properties": {
        "createdBy": {
          "title": "Created By",
          "description": "The name of the originator (user or system) of the data. This is informational only, do not use in business logic!",
          "type": "string"
        },
        "createdOn": {
          "title": "Created On",
          "description": "The date and time when the entity instance was created",
          "oneOf": [
            {
              "type": "string",
              "format": "date-time",
              "pattern": "^(-?(?:[1-9][0-9]*)?[0-9]{4})-(1[0-2]|0[1-9])-(3[0-1]|0[1-9]|[1-2][0-9])T(2[0-3]|[0-1][0-9]):([0-5][0-9]):([0-5][0-9])(\\.[0-9]+)?(Z|[+-](?:2[0-3]|[0-1][0-9]):[0-5][0-9])?$"
            },
            {
              "type": "string",
              "maxLength": 0
            }
          ]
        },
        "modifiedBy": {
          "title": "Modified By",
          "description": "The name of the modifier (user or system) of the data. This is informational only, do not use in business logic!",
          "type": "string"
        },
        "modifiedOn": {
          "title": "Modified On",
          "description": "The date and time when the entity instance was last modified",
          "oneOf": [
            {
              "type": "string",
              "format": "date-time",
              "pattern": "^(-?(?:[1-9][0-9]*)?[0-9]{4})-(1[0-2]|0[1-9])-(3[0-1]|0[1-9]|[1-2][0-9])T(2[0-3]|[0-1][0-9]):([0-5][0-9]):([0-5][0-9])(\\.[0-9]+)?(Z|[+-](?:2[0-3]|[0-1][0-9]):[0-5][0-9])?$"
            },
            {
              "type": "string",
              "maxLength": 0
            }
          ]
        }
      },
      "additionalProperties": false
    },
    "id": {
      "title": "ID",
      "description": "A global identifier of a donation credit type",
      "type": "string",
      "format": "guid",
      "pattern": "^[a-f0-9]{8}(?:-[a-f0-9]{4}){3}-[a-f0-9]{12}$"
    },
    "title": {
      "title": "Title",
      "description": "The full name of a donation credit type.",
      "type": "string",
      "minLength": 1
    },
    "description": {
      "title": "Description",
      "description": "A description of a donation credit type.",
      "type": "string"
    },
    "creditType": {
      "title": "Credit Type",
      "description": "The type of credit given for the donation.",
      "oneOf": [
        {
          "title": "One Of-1",
          "description": "",
          "type": "object",
          "properties": {
            "donationCreditType": {
              "title": "Hard Credit",
              "description": "A hard credit",
              "enum": [
                "hard"
              ],
              "type": "string"
            },
            "donationCreditTypeReason": {
              "title": "Hard Credit Reason",
              "description": "The reason for giving hard credit for the donation.",
              "enum": [
                "recognition",
                "legal",
                "other"
              ],
              "type": "string"
            }
          },
          "additionalProperties": false,
          "required": [
            "donationCreditType",
            "donationCreditTypeReason"
          ]
        },
        {
          "title": "One Of-2",
          "description": "",
          "type": "object",
          "properties": {
            "donationCreditType": {
              "title": "Soft Credit",
              "description": "A soft Credit",
              "enum": [
                "soft"
              ],
              "type": "string"
            },
            "donationCreditTypeReason": {
              "title": "Soft Credit Reason",
              "description": "The reason for giving soft credit for the donation.",
              "enum": [
                "matching",
                "soft",
                "other"
              ],
              "type": "string"
            }
          },
          "additionalProperties": false,
          "required": [
            "donationCreditType",
            "donationCreditTypeReason"
          ]
        }
      ]
    }
  },
  "required": [
    "id",
    "title",
    "creditType"
  ],
  "additionalProperties": false
}