{
  "title": "donations-summary",
  "description": "Provides a summary of all the donation made by a person.",
  "type": "object",
  "properties": {
    "id": {
      "title": "Id",
      "description": "A global identifier of donations-summary",
      "type": "string",
      "format": "guid",
      "pattern": "^[a-f0-9]{8}(?:-[a-f0-9]{4}){3}-[a-f0-9]{12}$"
    },
    "donor": {
      "title": "Donor",
      "description": "The id of the Person donating.",
      "type": "object",
      "properties": {
        "id": {
          "title": "ID",
          "description": "The global identifier for Donor",
          "type": "string",
          "format": "guid",
          "pattern": "^[a-f0-9]{8}(?:-[a-f0-9]{4}){3}-[a-f0-9]{12}$"
        }
      },
      "links": [
        {
          "rel": "self",
          "href": "/persons/{id}",
          "targetSchema": {
            "$ref": "persons.json#"
          }
        }
      ],
      "additionalProperties": false,
      "required": [
        "id"
      ]
    },
    "firstDonation": {
      "title": "First Donation",
      "description": "The first donation details.",
      "oneOf": [
        {
          "type": "object",
          "properties": {
            "donatedOn": {
              "title": "Donated On",
              "description": "The date the first donation was made on.",
              "type": "string",
              "format": "date",
              "pattern": "^(-?(?:[1-9][0-9]*)?[0-9]{4})-(1[0-2]|0[1-9])-(3[0-1]|0[1-9]|[1-2][0-9])$"
            },
            "amount": {
              "title": "Amount",
              "description": "The amount of funds donated the first time.",
              "type": "object",
              "properties": {
                "currency": {
                  "title": "currency",
                  "description": "",
                  "type": "object",
                  "properties": {
                    "value": {
                      "title": "Value",
                      "description": "",
                      "minimum": 0,
                      "type": "number",
                      "format": "positiveNumber"
                    },
                    "currency": {
                      "title": "Currency",
                      "description": "",
                      "enum": [
                        "AED",
                        "AFN",
                        "ALL",
                        "AMD",
                        "ANG",
                        "AOA",
                        "ARS",
                        "AUD",
                        "AWG",
                        "AZN",
                        "BAM",
                        "BBD",
                        "BDT",
                        "BGN",
                        "BHD",
                        "BIF",
                        "BMD",
                        "BND",
                        "BOB",
                        "BRL",
                        "BSD",
                        "BTN",
                        "BWP",
                        "BYR",
                        "BZD",
                        "CAD",
                        "CDF",
                        "CHF",
                        "CLP",
                        "CNY",
                        "COP",
                        "CRC",
                        "CUC",
                        "CUP",
                        "CVE",
                        "CZK",
                        "DJF",
                        "DKK",
                        "DOP",
                        "DZD",
                        "EGP",
                        "ERN",
                        "ETB",
                        "EUR",
                        "FJD",
                        "FKP",
                        "GBP",
                        "GEL",
                        "GHS",
                        "GIP",
                        "GMD",
                        "GNF",
                        "GTQ",
                        "GYD",
                        "HKD",
                        "HNL",
                        "HRK",
                        "HTG",
                        "HUF",
                        "IDR",
                        "ILS",
                        "INR",
                        "IQD",
                        "IRR",
                        "ISK",
                        "JMD",
                        "JOD",
                        "JPY",
                        "KES",
                        "KGS",
                        "KHR",
                        "KMF",
                        "KPW",
                        "KRW",
                        "KWD",
                        "KYD",
                        "KZT",
                        "LAK",
                        "LBP",
                        "LKR",
                        "LRD",
                        "LSL",
                        "LYD",
                        "MAD",
                        "MDL",
                        "MGA",
                        "MKD",
                        "MMK",
                        "MNT",
                        "MOP",
                        "MRO",
                        "MUR",
                        "MVR",
                        "MWK",
                        "MXN",
                        "MYR",
                        "MZN",
                        "NAD",
                        "NGN",
                        "NIO",
                        "NOK",
                        "NPR",
                        "NZD",
                        "OMR",
                        "PAB",
                        "PEN",
                        "PGK",
                        "PHP",
                        "PKR",
                        "PLN",
                        "PYG",
                        "QAR",
                        "RON",
                        "RSD",
                        "RUB",
                        "RWF",
                        "SAR",
                        "SBD",
                        "SCR",
                        "SDG",
                        "SEK",
                        "SGD",
                        "SHP",
                        "SLL",
                        "SOS",
                        "SRD",
                        "SSP",
                        "STD",
                        "SVC",
                        "SYP",
                        "SZL",
                        "THB",
                        "TJS",
                        "TMT",
                        "TND",
                        "TOP",
                        "TRY",
                        "TTD",
                        "TWD",
                        "TZS",
                        "UAH",
                        "UGX",
                        "USD",
                        "UYU",
                        "UZS",
                        "VEF",
                        "VND",
                        "VUV",
                        "WST",
                        "XAF",
                        "XCD",
                        "XOF",
                        "XPF",
                        "YER",
                        "ZAR",
                        "ZMW",
                        "ZWL"
                      ],
                      "type": "string"
                    }
                  },
                  "additionalProperties": false,
                  "required": [
                    "value",
                    "currency"
                  ]
                }
              },
              "required": [
                "currency"
              ],
              "additionalProperties": false,
              "format": "currency"
            }
          },
          "additionalProperties": false,
          "required": [
            "donatedOn",
            "amount"
          ]
        },
        {
          "type": "object",
          "maxProperties": 0
        }
      ]
    },
    "latestDonation": {
      "title": "Latest Donation",
      "description": "Details of most recent donation.",
      "oneOf": [
        {
          "type": "object",
          "properties": {
            "donatedOn": {
              "title": "Donated On",
              "description": "The most recent donation made on.",
              "type": "string"
            },
            "amount": {
              "title": "Amount",
              "description": "The most recent donation made.",
              "type": "object",
              "properties": {
                "currency": {
                  "title": "currency",
                  "description": "",
                  "type": "object",
                  "properties": {
                    "value": {
                      "title": "Value",
                      "description": "",
                      "minimum": 0,
                      "type": "number",
                      "format": "positiveNumber"
                    },
                    "currency": {
                      "title": "Currency",
                      "description": "",
                      "enum": [
                        "AED",
                        "AFN",
                        "ALL",
                        "AMD",
                        "ANG",
                        "AOA",
                        "ARS",
                        "AUD",
                        "AWG",
                        "AZN",
                        "BAM",
                        "BBD",
                        "BDT",
                        "BGN",
                        "BHD",
                        "BIF",
                        "BMD",
                        "BND",
                        "BOB",
                        "BRL",
                        "BSD",
                        "BTN",
                        "BWP",
                        "BYR",
                        "BZD",
                        "CAD",
                        "CDF",
                        "CHF",
                        "CLP",
                        "CNY",
                        "COP",
                        "CRC",
                        "CUC",
                        "CUP",
                        "CVE",
                        "CZK",
                        "DJF",
                        "DKK",
                        "DOP",
                        "DZD",
                        "EGP",
                        "ERN",
                        "ETB",
                        "EUR",
                        "FJD",
                        "FKP",
                        "GBP",
                        "GEL",
                        "GHS",
                        "GIP",
                        "GMD",
                        "GNF",
                        "GTQ",
                        "GYD",
                        "HKD",
                        "HNL",
                        "HRK",
                        "HTG",
                        "HUF",
                        "IDR",
                        "ILS",
                        "INR",
                        "IQD",
                        "IRR",
                        "ISK",
                        "JMD",
                        "JOD",
                        "JPY",
                        "KES",
                        "KGS",
                        "KHR",
                        "KMF",
                        "KPW",
                        "KRW",
                        "KWD",
                        "KYD",
                        "KZT",
                        "LAK",
                        "LBP",
                        "LKR",
                        "LRD",
                        "LSL",
                        "LYD",
                        "MAD",
                        "MDL",
                        "MGA",
                        "MKD",
                        "MMK",
                        "MNT",
                        "MOP",
                        "MRO",
                        "MUR",
                        "MVR",
                        "MWK",
                        "MXN",
                        "MYR",
                        "MZN",
                        "NAD",
                        "NGN",
                        "NIO",
                        "NOK",
                        "NPR",
                        "NZD",
                        "OMR",
                        "PAB",
                        "PEN",
                        "PGK",
                        "PHP",
                        "PKR",
                        "PLN",
                        "PYG",
                        "QAR",
                        "RON",
                        "RSD",
                        "RUB",
                        "RWF",
                        "SAR",
                        "SBD",
                        "SCR",
                        "SDG",
                        "SEK",
                        "SGD",
                        "SHP",
                        "SLL",
                        "SOS",
                        "SRD",
                        "SSP",
                        "STD",
                        "SVC",
                        "SYP",
                        "SZL",
                        "THB",
                        "TJS",
                        "TMT",
                        "TND",
                        "TOP",
                        "TRY",
                        "TTD",
                        "TWD",
                        "TZS",
                        "UAH",
                        "UGX",
                        "USD",
                        "UYU",
                        "UZS",
                        "VEF",
                        "VND",
                        "VUV",
                        "WST",
                        "XAF",
                        "XCD",
                        "XOF",
                        "XPF",
                        "YER",
                        "ZAR",
                        "ZMW",
                        "ZWL"
                      ],
                      "type": "string"
                    }
                  },
                  "additionalProperties": false,
                  "required": [
                    "value",
                    "currency"
                  ]
                }
              },
              "required": [
                "currency"
              ],
              "additionalProperties": false,
              "format": "currency"
            }
          },
          "additionalProperties": false,
          "required": [
            "donatedOn",
            "amount"
          ]
        },
        {
          "type": "object",
          "maxProperties": 0
        }
      ]
    },
    "largestDonation": {
      "title": "Largest Donation",
      "description": "Details of largest amount of donation made so far.",
      "oneOf": [
        {
          "type": "object",
          "properties": {
            "donatedOn": {
              "title": "Donated On",
              "description": "The date when the largest amount of donation made.",
              "type": "string",
              "format": "date",
              "pattern": "^(-?(?:[1-9][0-9]*)?[0-9]{4})-(1[0-2]|0[1-9])-(3[0-1]|0[1-9]|[1-2][0-9])$"
            },
            "amount": {
              "title": "Amount",
              "description": "The largest amount of donation made so far.",
              "type": "object",
              "properties": {
                "currency": {
                  "title": "currency",
                  "description": "",
                  "type": "object",
                  "properties": {
                    "value": {
                      "title": "Value",
                      "description": "",
                      "minimum": 0,
                      "type": "number",
                      "format": "positiveNumber"
                    },
                    "currency": {
                      "title": "Currency",
                      "description": "",
                      "enum": [
                        "AED",
                        "AFN",
                        "ALL",
                        "AMD",
                        "ANG",
                        "AOA",
                        "ARS",
                        "AUD",
                        "AWG",
                        "AZN",
                        "BAM",
                        "BBD",
                        "BDT",
                        "BGN",
                        "BHD",
                        "BIF",
                        "BMD",
                        "BND",
                        "BOB",
                        "BRL",
                        "BSD",
                        "BTN",
                        "BWP",
                        "BYR",
                        "BZD",
                        "CAD",
                        "CDF",
                        "CHF",
                        "CLP",
                        "CNY",
                        "COP",
                        "CRC",
                        "CUC",
                        "CUP",
                        "CVE",
                        "CZK",
                        "DJF",
                        "DKK",
                        "DOP",
                        "DZD",
                        "EGP",
                        "ERN",
                        "ETB",
                        "EUR",
                        "FJD",
                        "FKP",
                        "GBP",
                        "GEL",
                        "GHS",
                        "GIP",
                        "GMD",
                        "GNF",
                        "GTQ",
                        "GYD",
                        "HKD",
                        "HNL",
                        "HRK",
                        "HTG",
                        "HUF",
                        "IDR",
                        "ILS",
                        "INR",
                        "IQD",
                        "IRR",
                        "ISK",
                        "JMD",
                        "JOD",
                        "JPY",
                        "KES",
                        "KGS",
                        "KHR",
                        "KMF",
                        "KPW",
                        "KRW",
                        "KWD",
                        "KYD",
                        "KZT",
                        "LAK",
                        "LBP",
                        "LKR",
                        "LRD",
                        "LSL",
                        "LYD",
                        "MAD",
                        "MDL",
                        "MGA",
                        "MKD",
                        "MMK",
                        "MNT",
                        "MOP",
                        "MRO",
                        "MUR",
                        "MVR",
                        "MWK",
                        "MXN",
                        "MYR",
                        "MZN",
                        "NAD",
                        "NGN",
                        "NIO",
                        "NOK",
                        "NPR",
                        "NZD",
                        "OMR",
                        "PAB",
                        "PEN",
                        "PGK",
                        "PHP",
                        "PKR",
                        "PLN",
                        "PYG",
                        "QAR",
                        "RON",
                        "RSD",
                        "RUB",
                        "RWF",
                        "SAR",
                        "SBD",
                        "SCR",
                        "SDG",
                        "SEK",
                        "SGD",
                        "SHP",
                        "SLL",
                        "SOS",
                        "SRD",
                        "SSP",
                        "STD",
                        "SVC",
                        "SYP",
                        "SZL",
                        "THB",
                        "TJS",
                        "TMT",
                        "TND",
                        "TOP",
                        "TRY",
                        "TTD",
                        "TWD",
                        "TZS",
                        "UAH",
                        "UGX",
                        "USD",
                        "UYU",
                        "UZS",
                        "VEF",
                        "VND",
                        "VUV",
                        "WST",
                        "XAF",
                        "XCD",
                        "XOF",
                        "XPF",
                        "YER",
                        "ZAR",
                        "ZMW",
                        "ZWL"
                      ],
                      "type": "string"
                    }
                  },
                  "additionalProperties": false,
                  "required": [
                    "value",
                    "currency"
                  ]
                }
              },
              "required": [
                "currency"
              ],
              "additionalProperties": false,
              "format": "currency"
            }
          },
          "additionalProperties": false,
          "required": [
            "donatedOn",
            "amount"
          ]
        },
        {
          "type": "object",
          "maxProperties": 0
        }
      ]
    },
    "totalDonations": {
      "title": "Total Donations",
      "description": "The details of donations made so far.",
      "oneOf": [
        {
          "type": "object",
          "properties": {
            "yearsOfGiving": {
              "title": "Years Of Giving",
              "description": "The total amount of donations made so far",
              "minimum": 0,
              "type": "number",
              "format": "positiveInteger"
            },
            "donationCount": {
              "title": "Donation Count",
              "description": "The total number of donations made so far",
              "minimum": 0,
              "type": "number",
              "format": "positiveInteger"
            },
            "amount": {
              "title": "Amount",
              "description": "The total amount of funds donated so far",
              "type": "object",
              "properties": {
                "currency": {
                  "title": "currency",
                  "description": "",
                  "type": "object",
                  "properties": {
                    "value": {
                      "title": "Value",
                      "description": "",
                      "minimum": 0,
                      "type": "number",
                      "format": "positiveNumber"
                    },
                    "currency": {
                      "title": "Currency",
                      "description": "",
                      "enum": [
                        "AED",
                        "AFN",
                        "ALL",
                        "AMD",
                        "ANG",
                        "AOA",
                        "ARS",
                        "AUD",
                        "AWG",
                        "AZN",
                        "BAM",
                        "BBD",
                        "BDT",
                        "BGN",
                        "BHD",
                        "BIF",
                        "BMD",
                        "BND",
                        "BOB",
                        "BRL",
                        "BSD",
                        "BTN",
                        "BWP",
                        "BYR",
                        "BZD",
                        "CAD",
                        "CDF",
                        "CHF",
                        "CLP",
                        "CNY",
                        "COP",
                        "CRC",
                        "CUC",
                        "CUP",
                        "CVE",
                        "CZK",
                        "DJF",
                        "DKK",
                        "DOP",
                        "DZD",
                        "EGP",
                        "ERN",
                        "ETB",
                        "EUR",
                        "FJD",
                        "FKP",
                        "GBP",
                        "GEL",
                        "GHS",
                        "GIP",
                        "GMD",
                        "GNF",
                        "GTQ",
                        "GYD",
                        "HKD",
                        "HNL",
                        "HRK",
                        "HTG",
                        "HUF",
                        "IDR",
                        "ILS",
                        "INR",
                        "IQD",
                        "IRR",
                        "ISK",
                        "JMD",
                        "JOD",
                        "JPY",
                        "KES",
                        "KGS",
                        "KHR",
                        "KMF",
                        "KPW",
                        "KRW",
                        "KWD",
                        "KYD",
                        "KZT",
                        "LAK",
                        "LBP",
                        "LKR",
                        "LRD",
                        "LSL",
                        "LYD",
                        "MAD",
                        "MDL",
                        "MGA",
                        "MKD",
                        "MMK",
                        "MNT",
                        "MOP",
                        "MRO",
                        "MUR",
                        "MVR",
                        "MWK",
                        "MXN",
                        "MYR",
                        "MZN",
                        "NAD",
                        "NGN",
                        "NIO",
                        "NOK",
                        "NPR",
                        "NZD",
                        "OMR",
                        "PAB",
                        "PEN",
                        "PGK",
                        "PHP",
                        "PKR",
                        "PLN",
                        "PYG",
                        "QAR",
                        "RON",
                        "RSD",
                        "RUB",
                        "RWF",
                        "SAR",
                        "SBD",
                        "SCR",
                        "SDG",
                        "SEK",
                        "SGD",
                        "SHP",
                        "SLL",
                        "SOS",
                        "SRD",
                        "SSP",
                        "STD",
                        "SVC",
                        "SYP",
                        "SZL",
                        "THB",
                        "TJS",
                        "TMT",
                        "TND",
                        "TOP",
                        "TRY",
                        "TTD",
                        "TWD",
                        "TZS",
                        "UAH",
                        "UGX",
                        "USD",
                        "UYU",
                        "UZS",
                        "VEF",
                        "VND",
                        "VUV",
                        "WST",
                        "XAF",
                        "XCD",
                        "XOF",
                        "XPF",
                        "YER",
                        "ZAR",
                        "ZMW",
                        "ZWL"
                      ],
                      "type": "string"
                    }
                  },
                  "additionalProperties": false,
                  "required": [
                    "value",
                    "currency"
                  ]
                }
              },
              "required": [
                "currency"
              ],
              "additionalProperties": false,
              "format": "currency"
            }
          },
          "additionalProperties": false,
          "required": [
            "amount"
          ]
        },
        {
          "type": "object",
          "maxProperties": 0
        }
      ]
    }
  },
  "required": [
    "id",
    "donor"
  ],
  "additionalProperties": false
}