{
  "title": "Donation Promise",
  "description": "A promised donation that has yet to be fulfilled",
  "type": "object",
  "properties": {
    "metadata": {
      "title": "Metadata",
      "description": "Metadata about the JSON payload",
      "type": "object",
      "properties": {
        "createdBy": {
          "title": "Created By",
          "description": "The name of the originator (user or system) of the data. This is informational only, do not use in business logic!",
          "type": "string"
        },
        "createdOn": {
          "title": "Created On",
          "description": "The date and time when the entity instance was created",
          "oneOf": [
            {
              "type": "string",
              "format": "date-time",
              "pattern": "^(-?(?:[1-9][0-9]*)?[0-9]{4})-(1[0-2]|0[1-9])-(3[0-1]|0[1-9]|[1-2][0-9])T(2[0-3]|[0-1][0-9]):([0-5][0-9]):([0-5][0-9])(\\.[0-9]+)?(Z|[+-](?:2[0-3]|[0-1][0-9]):[0-5][0-9])?$"
            },
            {
              "type": "string",
              "maxLength": 0
            }
          ]
        },
        "modifiedBy": {
          "title": "Modified By",
          "description": "The name of the modifier (user or system) of the data. This is informational only, do not use in business logic!",
          "type": "string"
        },
        "modifiedOn": {
          "title": "Modified On",
          "description": "The date and time when the entity instance was last modified",
          "oneOf": [
            {
              "type": "string",
              "format": "date-time",
              "pattern": "^(-?(?:[1-9][0-9]*)?[0-9]{4})-(1[0-2]|0[1-9])-(3[0-1]|0[1-9]|[1-2][0-9])T(2[0-3]|[0-1][0-9]):([0-5][0-9]):([0-5][0-9])(\\.[0-9]+)?(Z|[+-](?:2[0-3]|[0-1][0-9]):[0-5][0-9])?$"
            },
            {
              "type": "string",
              "maxLength": 0
            }
          ]
        }
      },
      "additionalProperties": false
    },
    "id": {
      "title": "ID",
      "description": "A global identifier of a promised donation.",
      "type": "string",
      "format": "guid",
      "pattern": "^[a-f0-9]{8}(?:-[a-f0-9]{4}){3}-[a-f0-9]{12}$"
    },
    "code": {
      "title": "Code",
      "description": "A human readable reference code to identify a particular donation promise.",
      "type": "string"
    },
    "type": {
      "title": "Type",
      "description": "The type of the promised donation.",
      "enum": [
        "pledge",
        "recurring",
        "matchingClaim"
      ],
      "type": "string"
    },
    "status": {
      "title": "Status",
      "description": "The status of the donation",
      "enum": [
        "active",
        "inactive"
      ],
      "type": "string"
    },
    "promiseAmount": {
      "title": "Promise Amount",
      "description": "",
      "oneOf": [
        {
          "type": "object",
          "properties": {
            "currency": {
              "title": "currency",
              "description": "",
              "type": "object",
              "properties": {
                "value": {
                  "title": "Value",
                  "description": "",
                  "minimum": 0,
                  "type": "number",
                  "format": "positiveNumber"
                },
                "currency": {
                  "title": "Currency",
                  "description": "",
                  "enum": [
                    "AED",
                    "AFN",
                    "ALL",
                    "AMD",
                    "ANG",
                    "AOA",
                    "ARS",
                    "AUD",
                    "AWG",
                    "AZN",
                    "BAM",
                    "BBD",
                    "BDT",
                    "BGN",
                    "BHD",
                    "BIF",
                    "BMD",
                    "BND",
                    "BOB",
                    "BRL",
                    "BSD",
                    "BTN",
                    "BWP",
                    "BYR",
                    "BZD",
                    "CAD",
                    "CDF",
                    "CHF",
                    "CLP",
                    "CNY",
                    "COP",
                    "CRC",
                    "CUC",
                    "CUP",
                    "CVE",
                    "CZK",
                    "DJF",
                    "DKK",
                    "DOP",
                    "DZD",
                    "EGP",
                    "ERN",
                    "ETB",
                    "EUR",
                    "FJD",
                    "FKP",
                    "GBP",
                    "GEL",
                    "GHS",
                    "GIP",
                    "GMD",
                    "GNF",
                    "GTQ",
                    "GYD",
                    "HKD",
                    "HNL",
                    "HRK",
                    "HTG",
                    "HUF",
                    "IDR",
                    "ILS",
                    "INR",
                    "IQD",
                    "IRR",
                    "ISK",
                    "JMD",
                    "JOD",
                    "JPY",
                    "KES",
                    "KGS",
                    "KHR",
                    "KMF",
                    "KPW",
                    "KRW",
                    "KWD",
                    "KYD",
                    "KZT",
                    "LAK",
                    "LBP",
                    "LKR",
                    "LRD",
                    "LSL",
                    "LYD",
                    "MAD",
                    "MDL",
                    "MGA",
                    "MKD",
                    "MMK",
                    "MNT",
                    "MOP",
                    "MRO",
                    "MUR",
                    "MVR",
                    "MWK",
                    "MXN",
                    "MYR",
                    "MZN",
                    "NAD",
                    "NGN",
                    "NIO",
                    "NOK",
                    "NPR",
                    "NZD",
                    "OMR",
                    "PAB",
                    "PEN",
                    "PGK",
                    "PHP",
                    "PKR",
                    "PLN",
                    "PYG",
                    "QAR",
                    "RON",
                    "RSD",
                    "RUB",
                    "RWF",
                    "SAR",
                    "SBD",
                    "SCR",
                    "SDG",
                    "SEK",
                    "SGD",
                    "SHP",
                    "SLL",
                    "SOS",
                    "SRD",
                    "SSP",
                    "STD",
                    "SVC",
                    "SYP",
                    "SZL",
                    "THB",
                    "TJS",
                    "TMT",
                    "TND",
                    "TOP",
                    "TRY",
                    "TTD",
                    "TWD",
                    "TZS",
                    "UAH",
                    "UGX",
                    "USD",
                    "UYU",
                    "UZS",
                    "VEF",
                    "VND",
                    "VUV",
                    "WST",
                    "XAF",
                    "XCD",
                    "XOF",
                    "XPF",
                    "YER",
                    "ZAR",
                    "ZMW",
                    "ZWL"
                  ],
                  "type": "string"
                }
              },
              "additionalProperties": false,
              "required": [
                "value",
                "currency"
              ]
            }
          },
          "additionalProperties": false,
          "format": "currency"
        },
        {
          "type": "object",
          "maxProperties": 0
        }
      ]
    },
    "donorAllocations": {
      "title": "Donation Detail",
      "description": "Allocation of the promised donation between donors and designations.",
      "type": "array",
      "items": {
        "type": "object",
        "properties": {
          "donor": {
            "title": "Donor",
            "description": "",
            "oneOf": [
              {
                "title": "Individual Donor",
                "description": "A person who is making a promised donation.",
                "type": "object",
                "properties": {
                  "person": {
                    "title": "Person",
                    "description": "A human being or other independent agent.",
                    "type": "object",
                    "properties": {
                      "id": {
                        "title": "ID",
                        "description": "The global identifier for Person",
                        "type": "string",
                        "format": "guid",
                        "pattern": "^[a-f0-9]{8}(?:-[a-f0-9]{4}){3}-[a-f0-9]{12}$"
                      }
                    },
                    "links": [
                      {
                        "rel": "self",
                        "href": "/persons/{id}",
                        "targetSchema": {
                          "$ref": "persons.json#"
                        }
                      }
                    ],
                    "additionalProperties": false,
                    "required": [
                      "id"
                    ]
                  }
                },
                "additionalProperties": false,
                "required": [
                  "person"
                ]
              },
              {
                "title": "Organization",
                "description": "An organization that is making a promised donation.",
                "type": "object",
                "properties": {
                  "organization": {
                    "title": "Organization",
                    "description": "Represents a collection of people organized together into a community or other social, commercial or political structure for the purposes of education. The group has some common purpose or reason for existence which goes beyond the set of people belonging to it and can act as an Agent. Organizations are often decomposable into hierarchical structures. In the higher education context, it represents an Institution, School, College, Center, Division, and any other organizational unit that can act as an Agent.",
                    "type": "object",
                    "properties": {
                      "id": {
                        "title": "ID",
                        "description": "The global identifier for Organization",
                        "type": "string",
                        "format": "guid",
                        "pattern": "^[a-f0-9]{8}(?:-[a-f0-9]{4}){3}-[a-f0-9]{12}$"
                      }
                    },
                    "links": [
                      {
                        "rel": "self",
                        "href": "/organizations/{id}",
                        "targetSchema": {
                          "$ref": "organizations.json#"
                        }
                      }
                    ],
                    "additionalProperties": false,
                    "required": [
                      "id"
                    ]
                  }
                },
                "additionalProperties": false,
                "required": [
                  "organization"
                ]
              }
            ]
          },
          "classYear": {
            "title": "Class Year",
            "description": "Preferred class year specified for the donor.",
            "oneOf": [
              {
                "type": "string",
                "format": "year",
                "pattern": "^([1-9][0-9]*)?[0-9]{4}$"
              },
              {
                "type": "string",
                "maxLength": 0
              }
            ]
          },
          "campaign": {
            "title": "Campaign",
            "description": "A fundraising campaign associated with a donation promise.",
            "oneOf": [
              {
                "type": "object",
                "properties": {
                  "id": {
                    "title": "ID",
                    "description": "The global identifier for Campaign",
                    "type": "string",
                    "format": "guid",
                    "pattern": "^[a-f0-9]{8}(?:-[a-f0-9]{4}){3}-[a-f0-9]{12}$"
                  }
                },
                "links": [
                  {
                    "rel": "self",
                    "href": "/campaigns/{id}",
                    "targetSchema": {
                      "$ref": "campaigns.json#"
                    }
                  }
                ],
                "additionalProperties": false,
                "required": [
                  "id"
                ]
              },
              {
                "type": "object",
                "maxProperties": 0
              }
            ]
          },
          "appeal": {
            "title": "Appeal",
            "description": "A fundraising appeal associated with a donation promise.",
            "oneOf": [
              {
                "type": "object",
                "properties": {
                  "id": {
                    "title": "ID",
                    "description": "The global identifier for Appeal",
                    "type": "string",
                    "format": "guid",
                    "pattern": "^[a-f0-9]{8}(?:-[a-f0-9]{4}){3}-[a-f0-9]{12}$"
                  }
                },
                "links": [
                  {
                    "rel": "self",
                    "href": "/appeals/{id}",
                    "targetSchema": {
                      "$ref": "appeals.json#"
                    }
                  }
                ],
                "additionalProperties": false,
                "required": [
                  "id"
                ]
              },
              {
                "type": "object",
                "maxProperties": 0
              }
            ]
          },
          "amount": {
            "title": "Amount",
            "description": "An amount of a promised donation to be attributed to a donor.",
            "type": "object",
            "properties": {
              "currency": {
                "title": "currency",
                "description": "",
                "type": "object",
                "properties": {
                  "value": {
                    "title": "Value",
                    "description": "",
                    "minimum": 0,
                    "type": "number",
                    "format": "positiveNumber"
                  },
                  "currency": {
                    "title": "Currency",
                    "description": "",
                    "enum": [
                      "AED",
                      "AFN",
                      "ALL",
                      "AMD",
                      "ANG",
                      "AOA",
                      "ARS",
                      "AUD",
                      "AWG",
                      "AZN",
                      "BAM",
                      "BBD",
                      "BDT",
                      "BGN",
                      "BHD",
                      "BIF",
                      "BMD",
                      "BND",
                      "BOB",
                      "BRL",
                      "BSD",
                      "BTN",
                      "BWP",
                      "BYR",
                      "BZD",
                      "CAD",
                      "CDF",
                      "CHF",
                      "CLP",
                      "CNY",
                      "COP",
                      "CRC",
                      "CUC",
                      "CUP",
                      "CVE",
                      "CZK",
                      "DJF",
                      "DKK",
                      "DOP",
                      "DZD",
                      "EGP",
                      "ERN",
                      "ETB",
                      "EUR",
                      "FJD",
                      "FKP",
                      "GBP",
                      "GEL",
                      "GHS",
                      "GIP",
                      "GMD",
                      "GNF",
                      "GTQ",
                      "GYD",
                      "HKD",
                      "HNL",
                      "HRK",
                      "HTG",
                      "HUF",
                      "IDR",
                      "ILS",
                      "INR",
                      "IQD",
                      "IRR",
                      "ISK",
                      "JMD",
                      "JOD",
                      "JPY",
                      "KES",
                      "KGS",
                      "KHR",
                      "KMF",
                      "KPW",
                      "KRW",
                      "KWD",
                      "KYD",
                      "KZT",
                      "LAK",
                      "LBP",
                      "LKR",
                      "LRD",
                      "LSL",
                      "LYD",
                      "MAD",
                      "MDL",
                      "MGA",
                      "MKD",
                      "MMK",
                      "MNT",
                      "MOP",
                      "MRO",
                      "MUR",
                      "MVR",
                      "MWK",
                      "MXN",
                      "MYR",
                      "MZN",
                      "NAD",
                      "NGN",
                      "NIO",
                      "NOK",
                      "NPR",
                      "NZD",
                      "OMR",
                      "PAB",
                      "PEN",
                      "PGK",
                      "PHP",
                      "PKR",
                      "PLN",
                      "PYG",
                      "QAR",
                      "RON",
                      "RSD",
                      "RUB",
                      "RWF",
                      "SAR",
                      "SBD",
                      "SCR",
                      "SDG",
                      "SEK",
                      "SGD",
                      "SHP",
                      "SLL",
                      "SOS",
                      "SRD",
                      "SSP",
                      "STD",
                      "SVC",
                      "SYP",
                      "SZL",
                      "THB",
                      "TJS",
                      "TMT",
                      "TND",
                      "TOP",
                      "TRY",
                      "TTD",
                      "TWD",
                      "TZS",
                      "UAH",
                      "UGX",
                      "USD",
                      "UYU",
                      "UZS",
                      "VEF",
                      "VND",
                      "VUV",
                      "WST",
                      "XAF",
                      "XCD",
                      "XOF",
                      "XPF",
                      "YER",
                      "ZAR",
                      "ZMW",
                      "ZWL"
                    ],
                    "type": "string"
                  }
                },
                "additionalProperties": false,
                "required": [
                  "value",
                  "currency"
                ]
              }
            },
            "additionalProperties": false,
            "format": "currency"
          },
          "creditType": {
            "title": "Credit Type",
            "description": "The type of credit given for the donation.",
            "oneOf": [
              {
                "title": "oneOf-1",
                "description": "",
                "type": "object",
                "properties": {
                  "donationCreditType": {
                    "title": "Hard Credit",
                    "description": "A hard credit",
                    "enum": [
                      "hard"
                    ],
                    "type": "string"
                  },
                  "donationCreditTypeReason": {
                    "title": "Hard Credit Reason",
                    "description": "The reason for giving hard credit for the donation.",
                    "enum": [
                      "recognition",
                      "legal",
                      "other"
                    ],
                    "type": "string"
                  },
                  "detail": {
                    "title": "Detail",
                    "description": "",
                    "oneOf": [
                      {
                        "type": "object",
                        "properties": {
                          "id": {
                            "title": "ID",
                            "description": "The global identifier for Detail",
                            "type": "string",
                            "format": "guid",
                            "pattern": "^[a-f0-9]{8}(?:-[a-f0-9]{4}){3}-[a-f0-9]{12}$"
                          }
                        },
                        "links": [
                          {
                            "rel": "self",
                            "href": "/donation-credit-types/{id}",
                            "targetSchema": {
                              "$ref": "donation-credit-types.json#"
                            }
                          }
                        ],
                        "additionalProperties": false,
                        "required": [
                          "id"
                        ]
                      },
                      {
                        "type": "object",
                        "maxProperties": 0
                      }
                    ]
                  }
                },
                "additionalProperties": false,
                "required": [
                  "donationCreditType",
                  "donationCreditTypeReason"
                ]
              },
              {
                "title": "oneOf-2",
                "description": "",
                "type": "object",
                "properties": {
                  "donationCreditType": {
                    "title": "Soft Credit",
                    "description": "A soft Credit",
                    "enum": [
                      "soft"
                    ],
                    "type": "string"
                  },
                  "donationCreditTypeReason": {
                    "title": "Soft Credit Reason",
                    "description": "The reason for giving soft credit for the donation.",
                    "enum": [
                      "matching",
                      "soft",
                      "other"
                    ],
                    "type": "string"
                  },
                  "detail": {
                    "title": "Detail",
                    "description": "",
                    "oneOf": [
                      {
                        "type": "object",
                        "properties": {
                          "id": {
                            "title": "ID",
                            "description": "The global identifier for Detail",
                            "type": "string",
                            "format": "guid",
                            "pattern": "^[a-f0-9]{8}(?:-[a-f0-9]{4}){3}-[a-f0-9]{12}$"
                          }
                        },
                        "links": [
                          {
                            "rel": "self",
                            "href": "/donation-credit-types/{id}",
                            "targetSchema": {
                              "$ref": "donation-credit-types.json#"
                            }
                          }
                        ],
                        "additionalProperties": false,
                        "required": [
                          "id"
                        ]
                      },
                      {
                        "type": "object",
                        "maxProperties": 0
                      }
                    ]
                  }
                },
                "additionalProperties": false,
                "required": [
                  "donationCreditType",
                  "donationCreditTypeReason"
                ]
              }
            ]
          },
          "designation": {
            "title": "Designation",
            "description": "The designated recipient of the promised donation.",
            "type": "object",
            "properties": {
              "id": {
                "title": "ID",
                "description": "The global identifier for Designation",
                "type": "string",
                "format": "guid",
                "pattern": "^[a-f0-9]{8}(?:-[a-f0-9]{4}){3}-[a-f0-9]{12}$"
              }
            },
            "links": [
              {
                "rel": "self",
                "href": "/designations/{id}",
                "targetSchema": {
                  "$ref": "designations.json#"
                }
              }
            ],
            "additionalProperties": false,
            "required": [
              "id"
            ]
          },
          "donorAssociationType": {
            "title": "Donor Association Type",
            "description": "The association between the donor and the promised donation.",
            "type": "object",
            "properties": {
              "id": {
                "title": "ID",
                "description": "The global identifier for Donor Association Type",
                "type": "string",
                "format": "guid",
                "pattern": "^[a-f0-9]{8}(?:-[a-f0-9]{4}){3}-[a-f0-9]{12}$"
              }
            },
            "links": [
              {
                "rel": "self",
                "href": "/donor-association-types/{id}",
                "targetSchema": {
                  "$ref": "donor-association-types.json#"
                }
              }
            ],
            "additionalProperties": false,
            "required": [
              "id"
            ]
          },
          "constituentType": {
            "title": "constituentType",
            "description": "A constituent type assigned to the donor.",
            "oneOf": [
              {
                "type": "object",
                "properties": {
                  "vseSource": {
                    "title": "Source",
                    "description": "VSE Survey source category.",
                    "enum": [
                      "alumni",
                      "parent",
                      "otherIndividual",
                      "foundation",
                      "corporation",
                      "religious",
                      "consortia",
                      "otherOrganization"
                    ],
                    "type": "string"
                  },
                  "detail": {
                    "title": "Detail",
                    "description": "",
                    "oneOf": [
                      {
                        "type": "object",
                        "properties": {
                          "id": {
                            "title": "ID",
                            "description": "The global identifier for Detail",
                            "type": "string",
                            "format": "guid",
                            "pattern": "^[a-f0-9]{8}(?:-[a-f0-9]{4}){3}-[a-f0-9]{12}$"
                          }
                        },
                        "links": [
                          {
                            "rel": "self",
                            "href": "/constituent-types/{id}",
                            "targetSchema": {
                              "$ref": "constituent-types.json#"
                            }
                          }
                        ],
                        "additionalProperties": false,
                        "required": [
                          "id"
                        ]
                      },
                      {
                        "type": "object",
                        "maxProperties": 0
                      }
                    ]
                  }
                },
                "additionalProperties": false,
                "required": [
                  "vseSource"
                ]
              },
              {
                "type": "object",
                "maxProperties": 0
              }
            ]
          }
        },
        "additionalProperties": false,
        "required": [
          "donor",
          "amount",
          "creditType",
          "designation",
          "donorAssociationType"
        ]
      }
    },
    "paymentStatus": {
      "title": "Payment Status",
      "description": "",
      "oneOf": [
        {
          "title": "Paid",
          "description": "A payment has been made.",
          "type": "object",
          "properties": {
            "paymentStatusType": {
              "title": "Payment Status Type",
              "description": "The status of payments for the promised donation.",
              "enum": [
                "paid"
              ],
              "type": "string"
            },
            "paymentStatusTypeReason": {
              "title": "Reason",
              "description": "The reason for a paid status of a payment.",
              "enum": [
                "full",
                "partial"
              ],
              "type": "string"
            }
          },
          "additionalProperties": false,
          "required": [
            "paymentStatusType",
            "paymentStatusTypeReason"
          ]
        },
        {
          "title": "Unpaid",
          "description": "A payment has not been made.",
          "type": "object",
          "properties": {
            "paymentStatusType": {
              "title": "Payment Status Type",
              "description": "The status of payments for the promised donation.",
              "enum": [
                "unpaid"
              ],
              "type": "string"
            },
            "paymentStatusTypeReason": {
              "title": "Reason",
              "description": "The reason for an unpaid status of a payment.",
              "enum": [
                "awaiting",
                "writtenOff"
              ],
              "type": "string"
            }
          },
          "additionalProperties": false,
          "required": [
            "paymentStatusType",
            "paymentStatusTypeReason"
          ]
        }
      ]
    },
    "paymentSchedule": {
      "title": "Payment Schedule",
      "description": "The payment schedule associated donation promise.",
      "oneOf": [
        {
          "type": "object",
          "properties": {
            "recurrence": {
              "title": "Recurrence",
              "description": "",
              "oneOf": [
                {
                  "type": "object",
                  "format": "recurrence",
                  "properties": {
                    "timePeriod": {
                      "title": "Time Period",
                      "description": "The period of time to be repeated.",
                      "type": "object",
                      "properties": {
                        "startOn": {
                          "title": "Start On",
                          "description": "The beginning of the time period being repeated.",
                          "type": "string",
                          "format": "date-time",
                          "pattern": "^(-?(?:[1-9][0-9]*)?[0-9]{4})-(1[0-2]|0[1-9])-(3[0-1]|0[1-9]|[1-2][0-9])T(2[0-3]|[0-1][0-9]):([0-5][0-9]):([0-5][0-9])(\\.[0-9]+)?(Z|[+-](?:2[0-3]|[0-1][0-9]):[0-5][0-9])?$"
                        },
                        "endOn": {
                          "title": "End On",
                          "description": "The end of the time period being repeated.",
                          "oneOf": [
                            {
                              "type": "string",
                              "format": "date-time",
                              "pattern": "^(-?(?:[1-9][0-9]*)?[0-9]{4})-(1[0-2]|0[1-9])-(3[0-1]|0[1-9]|[1-2][0-9])T(2[0-3]|[0-1][0-9]):([0-5][0-9]):([0-5][0-9])(\\.[0-9]+)?(Z|[+-](?:2[0-3]|[0-1][0-9]):[0-5][0-9])?$"
                            },
                            {
                              "type": "string",
                              "maxLength": 0
                            }
                          ]
                        }
                      },
                      "additionalProperties": false,
                      "required": [
                        "startOn"
                      ]
                    },
                    "repeatRule": {
                      "title": "Repeat Rule",
                      "description": "The rule that describes how to repeat the time period.",
                      "oneOf": [
                        {
                          "title": "Daily",
                          "description": "Rules for repeating on a daily basis.",
                          "type": "object",
                          "properties": {
                            "type": {
                              "type": "string",
                              "enum": [
                                "daily"
                              ]
                            },
                            "interval": {
                              "title": "Interval",
                              "description": "Number of days between each repetition.",
                              "oneOf": [
                                {
                                  "type": "integer",
                                  "minimum": 1,
                                  "maximum": 365
                                },
                                {
                                  "type": "null"
                                }
                              ]
                            },
                            "ends": {
                              "title": "Ends",
                              "description": "When to end the daily repetitions.",
                              "oneOf": [
                                {
                                  "type": "object",
                                  "properties": {
                                    "repetitions": {
                                      "title": "Repetitions",
                                      "description": "Number of times to repeat, then stop.",
                                      "type": "integer",
                                      "minimum": 1,
                                      "maximum": 365
                                    }
                                  },
                                  "additionalProperties": false,
                                  "required": [
                                    "repetitions"
                                  ]
                                },
                                {
                                  "type": "object",
                                  "properties": {
                                    "date": {
                                      "title": "Date",
                                      "description": "The date after which to stop repeating.",
                                      "type": "string",
                                      "format": "date",
                                      "pattern": "^(-?(?:[1-9][0-9]*)?[0-9]{4})-(1[0-2]|0[1-9])-(3[0-1]|0[1-9]|[1-2][0-9])$"
                                    }
                                  },
                                  "additionalProperties": false,
                                  "required": [
                                    "date"
                                  ]
                                },
                                {
                                  "type": "object",
                                  "maxProperties": 0
                                }
                              ]
                            }
                          },
                          "additionalProperties": false,
                          "required": [
                            "type"
                          ]
                        },
                        {
                          "title": "Weekly",
                          "description": "Rules for repeating on a weekly basis.",
                          "type": "object",
                          "properties": {
                            "type": {
                              "type": "string",
                              "enum": [
                                "weekly"
                              ]
                            },
                            "interval": {
                              "title": "Interval",
                              "description": "Number of weeks between each repetition.",
                              "oneOf": [
                                {
                                  "type": "integer",
                                  "minimum": 1,
                                  "maximum": 52
                                },
                                {
                                  "type": "null"
                                }
                              ]
                            },
                            "daysOfWeek": {
                              "title": "Days of Week",
                              "description": "The days of the week on which to repeat the event.",
                              "type": "array",
                              "items": {
                                "type": "string",
                                "enum": [
                                  "sunday",
                                  "monday",
                                  "tuesday",
                                  "wednesday",
                                  "thursday",
                                  "friday",
                                  "saturday"
                                ]
                              }
                            },
                            "ends": {
                              "title": "Ends",
                              "description": "When to end the weekly repetitions.",
                              "oneOf": [
                                {
                                  "type": "object",
                                  "properties": {
                                    "repetitions": {
                                      "title": "Repetitions",
                                      "description": "Number of times to repeat, then stop.",
                                      "type": "integer",
                                      "minimum": 1,
                                      "maximum": 52
                                    }
                                  },
                                  "additionalProperties": false,
                                  "required": [
                                    "repetitions"
                                  ]
                                },
                                {
                                  "type": "object",
                                  "properties": {
                                    "date": {
                                      "title": "Date",
                                      "description": "The date after which to stop repeating.",
                                      "type": "string",
                                      "format": "date",
                                      "pattern": "^(-?(?:[1-9][0-9]*)?[0-9]{4})-(1[0-2]|0[1-9])-(3[0-1]|0[1-9]|[1-2][0-9])$"
                                    }
                                  },
                                  "additionalProperties": false,
                                  "required": [
                                    "date"
                                  ]
                                },
                                {
                                  "type": "object",
                                  "maxProperties": 0
                                }
                              ]
                            }
                          },
                          "additionalProperties": false,
                          "required": [
                            "type"
                          ]
                        },
                        {
                          "title": "Monthly",
                          "description": "Rules for repeating on a monthly basis.",
                          "type": "object",
                          "properties": {
                            "type": {
                              "type": "string",
                              "enum": [
                                "monthly"
                              ]
                            },
                            "interval": {
                              "title": "Interval",
                              "description": "Number of months between each repetition.",
                              "oneOf": [
                                {
                                  "type": "integer",
                                  "minimum": 1,
                                  "maximum": 12
                                },
                                {
                                  "type": "null"
                                }
                              ]
                            },
                            "repeatBy": {
                              "title": "Repeat By",
                              "description": "How to calculate the day of the month on which to start repeating.",
                              "oneOf": [
                                {
                                  "type": "object",
                                  "properties": {
                                    "dayOfMonth": {
                                      "title": "Day of Month",
                                      "description": "The number of the day in the month on which to start repeating.",
                                      "type": "integer",
                                      "minimum": 1,
                                      "maximum": 31
                                    }
                                  },
                                  "additionalProperties": false,
                                  "required": [
                                    "dayOfMonth"
                                  ]
                                },
                                {
                                  "type": "object",
                                  "properties": {
                                    "dayOfWeek": {
                                      "title": "Day of Week",
                                      "description": "The cardinal day of the week (e.g., the first Tuesday, the last Friday, etc.) in the month on which to start repeating.",
                                      "type": "object",
                                      "properties": {
                                        "occurrence": {
                                          "title": "Occurrence",
                                          "description": "The nth occurrence of the day of the week in the month. Use a positive number to count from the start of the month (e.g., 1 = first in the month, 2 = second in the month), and a negative number to count from the end of the month (e.g. -1 = last in the month, -2 = second from last, etc.).",
                                          "type": "integer",
                                          "minimum": -4,
                                          "maximum": 4
                                        },
                                        "day": {
                                          "title": "Day of Week",
                                          "description": "A day in a week.",
                                          "type": "string",
                                          "enum": [
                                            "sunday",
                                            "monday",
                                            "tuesday",
                                            "wednesday",
                                            "thursday",
                                            "friday",
                                            "saturday"
                                          ]
                                        }
                                      },
                                      "additionalProperties": false,
                                      "required": [
                                        "occurrence",
                                        "day"
                                      ]
                                    }
                                  },
                                  "additionalProperties": false,
                                  "required": [
                                    "dayOfWeek"
                                  ]
                                }
                              ]
                            },
                            "ends": {
                              "title": "Ends",
                              "description": "When to end the monthly repetitions.",
                              "oneOf": [
                                {
                                  "type": "object",
                                  "properties": {
                                    "repetitions": {
                                      "title": "Repetitions",
                                      "description": "Number of times to repeat, then stop.",
                                      "type": "integer",
                                      "minimum": 1,
                                      "maximum": 12
                                    }
                                  },
                                  "additionalProperties": false,
                                  "required": [
                                    "repetitions"
                                  ]
                                },
                                {
                                  "type": "object",
                                  "properties": {
                                    "date": {
                                      "title": "Date",
                                      "description": "The date after which to stop repeating.",
                                      "type": "string",
                                      "format": "date",
                                      "pattern": "^(-?(?:[1-9][0-9]*)?[0-9]{4})-(1[0-2]|0[1-9])-(3[0-1]|0[1-9]|[1-2][0-9])$"
                                    }
                                  },
                                  "additionalProperties": false,
                                  "required": [
                                    "date"
                                  ]
                                },
                                {
                                  "type": "object",
                                  "maxProperties": 0
                                }
                              ]
                            }
                          },
                          "additionalProperties": false,
                          "required": [
                            "type",
                            "repeatBy"
                          ]
                        },
                        {
                          "title": "Yearly",
                          "description": "Rules for repeating on an annual basis.",
                          "type": "object",
                          "properties": {
                            "type": {
                              "type": "string",
                              "enum": [
                                "yearly"
                              ]
                            },
                            "interval": {
                              "title": "Interval",
                              "description": "Number of years between each repetition.",
                              "oneOf": [
                                {
                                  "type": "integer",
                                  "minimum": 0,
                                  "format": "positiveInteger"
                                },
                                {
                                  "type": "null"
                                }
                              ]
                            },
                            "ends": {
                              "title": "Ends",
                              "description": "When to end the yearly repetitions.",
                              "oneOf": [
                                {
                                  "type": "object",
                                  "properties": {
                                    "repetitions": {
                                      "title": "Repetitions",
                                      "description": "Number of times to repeat, then stop.",
                                      "type": "integer",
                                      "minimum": 0,
                                      "format": "positiveInteger"
                                    }
                                  },
                                  "additionalProperties": false,
                                  "required": [
                                    "repetitions"
                                  ]
                                },
                                {
                                  "type": "object",
                                  "properties": {
                                    "date": {
                                      "title": "Date",
                                      "description": "The date after which to stop repeating.",
                                      "type": "string",
                                      "format": "date",
                                      "pattern": "^(-?(?:[1-9][0-9]*)?[0-9]{4})-(1[0-2]|0[1-9])-(3[0-1]|0[1-9]|[1-2][0-9])$"
                                    }
                                  },
                                  "additionalProperties": false,
                                  "required": [
                                    "date"
                                  ]
                                },
                                {
                                  "type": "object",
                                  "maxProperties": 0
                                }
                              ]
                            }
                          },
                          "additionalProperties": false,
                          "required": [
                            "type"
                          ]
                        }
                      ]
                    }
                  },
                  "additionalProperties": false,
                  "required": [
                    "timePeriod",
                    "repeatRule"
                  ]
                },
                {
                  "type": "object",
                  "maxProperties": 0
                }
              ]
            },
            "amount": {
              "title": "Amount",
              "description": "The amount of each promised donation payment.",
              "type": "object",
              "properties": {
                "currency": {
                  "title": "currency",
                  "description": "",
                  "type": "object",
                  "properties": {
                    "value": {
                      "title": "Value",
                      "description": "",
                      "minimum": 0,
                      "type": "number",
                      "format": "positiveNumber"
                    },
                    "currency": {
                      "title": "Currency",
                      "description": "",
                      "enum": [
                        "AED",
                        "AFN",
                        "ALL",
                        "AMD",
                        "ANG",
                        "AOA",
                        "ARS",
                        "AUD",
                        "AWG",
                        "AZN",
                        "BAM",
                        "BBD",
                        "BDT",
                        "BGN",
                        "BHD",
                        "BIF",
                        "BMD",
                        "BND",
                        "BOB",
                        "BRL",
                        "BSD",
                        "BTN",
                        "BWP",
                        "BYR",
                        "BZD",
                        "CAD",
                        "CDF",
                        "CHF",
                        "CLP",
                        "CNY",
                        "COP",
                        "CRC",
                        "CUC",
                        "CUP",
                        "CVE",
                        "CZK",
                        "DJF",
                        "DKK",
                        "DOP",
                        "DZD",
                        "EGP",
                        "ERN",
                        "ETB",
                        "EUR",
                        "FJD",
                        "FKP",
                        "GBP",
                        "GEL",
                        "GHS",
                        "GIP",
                        "GMD",
                        "GNF",
                        "GTQ",
                        "GYD",
                        "HKD",
                        "HNL",
                        "HRK",
                        "HTG",
                        "HUF",
                        "IDR",
                        "ILS",
                        "INR",
                        "IQD",
                        "IRR",
                        "ISK",
                        "JMD",
                        "JOD",
                        "JPY",
                        "KES",
                        "KGS",
                        "KHR",
                        "KMF",
                        "KPW",
                        "KRW",
                        "KWD",
                        "KYD",
                        "KZT",
                        "LAK",
                        "LBP",
                        "LKR",
                        "LRD",
                        "LSL",
                        "LYD",
                        "MAD",
                        "MDL",
                        "MGA",
                        "MKD",
                        "MMK",
                        "MNT",
                        "MOP",
                        "MRO",
                        "MUR",
                        "MVR",
                        "MWK",
                        "MXN",
                        "MYR",
                        "MZN",
                        "NAD",
                        "NGN",
                        "NIO",
                        "NOK",
                        "NPR",
                        "NZD",
                        "OMR",
                        "PAB",
                        "PEN",
                        "PGK",
                        "PHP",
                        "PKR",
                        "PLN",
                        "PYG",
                        "QAR",
                        "RON",
                        "RSD",
                        "RUB",
                        "RWF",
                        "SAR",
                        "SBD",
                        "SCR",
                        "SDG",
                        "SEK",
                        "SGD",
                        "SHP",
                        "SLL",
                        "SOS",
                        "SRD",
                        "SSP",
                        "STD",
                        "SVC",
                        "SYP",
                        "SZL",
                        "THB",
                        "TJS",
                        "TMT",
                        "TND",
                        "TOP",
                        "TRY",
                        "TTD",
                        "TWD",
                        "TZS",
                        "UAH",
                        "UGX",
                        "USD",
                        "UYU",
                        "UZS",
                        "VEF",
                        "VND",
                        "VUV",
                        "WST",
                        "XAF",
                        "XCD",
                        "XOF",
                        "XPF",
                        "YER",
                        "ZAR",
                        "ZMW",
                        "ZWL"
                      ],
                      "type": "string"
                    }
                  },
                  "additionalProperties": false,
                  "required": [
                    "value",
                    "currency"
                  ]
                }
              },
              "additionalProperties": false,
              "format": "currency"
            }
          },
          "additionalProperties": false,
          "required": [
            "recurrence",
            "amount"
          ]
        },
        {
          "type": "object",
          "maxProperties": 0
        }
      ]
    },
    "comment": {
      "title": "Comment",
      "description": "A comment on the donation promise.",
      "type": "string"
    }
  },
  "required": [
    "id",
    "type",
    "status",
    "donorAllocations",
    "paymentStatus"
  ],
  "additionalProperties": false
}