{
  "title": "Donor Society Level",
  "description": "A recognition level within a donor society.",
  "type": "object",
  "properties": {
    "metadata": {
      "title": "Metadata",
      "description": "Metadata about the JSON payload",
      "type": "object",
      "properties": {
        "createdBy": {
          "title": "Created By",
          "description": "The name of the originator (user or system) of the data. This is informational only, do not use in business logic!",
          "type": "string"
        },
        "createdOn": {
          "title": "Created On",
          "description": "The date and time when the entity instance was created",
          "oneOf": [
            {
              "type": "string",
              "format": "date-time",
              "pattern": "^(-?(?:[1-9][0-9]*)?[0-9]{4})-(1[0-2]|0[1-9])-(3[0-1]|0[1-9]|[1-2][0-9])T(2[0-3]|[0-1][0-9]):([0-5][0-9]):([0-5][0-9])(\\.[0-9]+)?(Z|[+-](?:2[0-3]|[0-1][0-9]):[0-5][0-9])?$"
            },
            {
              "type": "string",
              "maxLength": 0
            }
          ]
        },
        "modifiedBy": {
          "title": "Modified By",
          "description": "The name of the modifier (user or system) of the data. This is informational only, do not use in business logic!",
          "type": "string"
        },
        "modifiedOn": {
          "title": "Modified On",
          "description": "The date and time when the entity instance was last modified",
          "oneOf": [
            {
              "type": "string",
              "format": "date-time",
              "pattern": "^(-?(?:[1-9][0-9]*)?[0-9]{4})-(1[0-2]|0[1-9])-(3[0-1]|0[1-9]|[1-2][0-9])T(2[0-3]|[0-1][0-9]):([0-5][0-9]):([0-5][0-9])(\\.[0-9]+)?(Z|[+-](?:2[0-3]|[0-1][0-9]):[0-5][0-9])?$"
            },
            {
              "type": "string",
              "maxLength": 0
            }
          ]
        }
      },
      "additionalProperties": false
    },
    "id": {
      "title": "ID",
      "description": "A global identifier of a donor society level.",
      "type": "string",
      "format": "guid",
      "pattern": "^[a-f0-9]{8}(?:-[a-f0-9]{4}){3}-[a-f0-9]{12}$"
    },
    "title": {
      "title": "Title",
      "description": "The full name of a donor society level.",
      "type": "string",
      "minLength": 1
    },
    "description": {
      "title": "Description",
      "description": "A full description of a donor society level.",
      "type": "string"
    },
    "status": {
      "title": "Status",
      "description": "A status of a donor society level.",
      "enum": [
        "active",
        "inactive"
      ],
      "type": "string"
    },
    "startOn": {
      "title": "Start Date",
      "description": "A date when a donor society level started.",
      "oneOf": [
        {
          "type": "string",
          "format": "date-time",
          "pattern": "^(-?(?:[1-9][0-9]*)?[0-9]{4})-(1[0-2]|0[1-9])-(3[0-1]|0[1-9]|[1-2][0-9])T(2[0-3]|[0-1][0-9]):([0-5][0-9]):([0-5][0-9])(\\.[0-9]+)?(Z|[+-](?:2[0-3]|[0-1][0-9]):[0-5][0-9])?$"
        },
        {
          "type": "string",
          "maxLength": 0
        }
      ]
    },
    "endOn": {
      "title": "End Date",
      "description": "A date when a donor society level ended.",
      "oneOf": [
        {
          "type": "string",
          "format": "date-time",
          "pattern": "^(-?(?:[1-9][0-9]*)?[0-9]{4})-(1[0-2]|0[1-9])-(3[0-1]|0[1-9]|[1-2][0-9])T(2[0-3]|[0-1][0-9]):([0-5][0-9]):([0-5][0-9])(\\.[0-9]+)?(Z|[+-](?:2[0-3]|[0-1][0-9]):[0-5][0-9])?$"
        },
        {
          "type": "string",
          "maxLength": 0
        }
      ]
    },
    "donorSociety": {
      "title": "Donor Society",
      "description": "The donor society associated with this donor society level.",
      "type": "object",
      "properties": {
        "id": {
          "title": "ID",
          "description": "The global identifier for Donor Society",
          "type": "string",
          "format": "guid",
          "pattern": "^[a-f0-9]{8}(?:-[a-f0-9]{4}){3}-[a-f0-9]{12}$"
        }
      },
      "links": [
        {
          "rel": "self",
          "href": "/donor-societies/{id}",
          "targetSchema": {
            "$ref": "donor-societies.json#"
          }
        }
      ],
      "additionalProperties": false,
      "required": [
        "id"
      ]
    },
    "range": {
      "title": "Range",
      "description": "The boundaries of the donor society level range",
      "type": "object",
      "properties": {
        "startAmount": {
          "title": "Start",
          "description": "The lower boundary of the amount range",
          "type": "object",
          "properties": {
            "currency": {
              "title": "currency",
              "description": "",
              "type": "object",
              "properties": {
                "value": {
                  "title": "Value",
                  "description": "",
                  "minimum": 0,
                  "type": "number",
                  "format": "positiveNumber"
                },
                "currency": {
                  "title": "Currency",
                  "description": "",
                  "enum": [
                    "AED",
                    "AFN",
                    "ALL",
                    "AMD",
                    "ANG",
                    "AOA",
                    "ARS",
                    "AUD",
                    "AWG",
                    "AZN",
                    "BAM",
                    "BBD",
                    "BDT",
                    "BGN",
                    "BHD",
                    "BIF",
                    "BMD",
                    "BND",
                    "BOB",
                    "BRL",
                    "BSD",
                    "BTN",
                    "BWP",
                    "BYR",
                    "BZD",
                    "CAD",
                    "CDF",
                    "CHF",
                    "CLP",
                    "CNY",
                    "COP",
                    "CRC",
                    "CUC",
                    "CUP",
                    "CVE",
                    "CZK",
                    "DJF",
                    "DKK",
                    "DOP",
                    "DZD",
                    "EGP",
                    "ERN",
                    "ETB",
                    "EUR",
                    "FJD",
                    "FKP",
                    "GBP",
                    "GEL",
                    "GHS",
                    "GIP",
                    "GMD",
                    "GNF",
                    "GTQ",
                    "GYD",
                    "HKD",
                    "HNL",
                    "HRK",
                    "HTG",
                    "HUF",
                    "IDR",
                    "ILS",
                    "INR",
                    "IQD",
                    "IRR",
                    "ISK",
                    "JMD",
                    "JOD",
                    "JPY",
                    "KES",
                    "KGS",
                    "KHR",
                    "KMF",
                    "KPW",
                    "KRW",
                    "KWD",
                    "KYD",
                    "KZT",
                    "LAK",
                    "LBP",
                    "LKR",
                    "LRD",
                    "LSL",
                    "LYD",
                    "MAD",
                    "MDL",
                    "MGA",
                    "MKD",
                    "MMK",
                    "MNT",
                    "MOP",
                    "MRO",
                    "MUR",
                    "MVR",
                    "MWK",
                    "MXN",
                    "MYR",
                    "MZN",
                    "NAD",
                    "NGN",
                    "NIO",
                    "NOK",
                    "NPR",
                    "NZD",
                    "OMR",
                    "PAB",
                    "PEN",
                    "PGK",
                    "PHP",
                    "PKR",
                    "PLN",
                    "PYG",
                    "QAR",
                    "RON",
                    "RSD",
                    "RUB",
                    "RWF",
                    "SAR",
                    "SBD",
                    "SCR",
                    "SDG",
                    "SEK",
                    "SGD",
                    "SHP",
                    "SLL",
                    "SOS",
                    "SRD",
                    "SSP",
                    "STD",
                    "SVC",
                    "SYP",
                    "SZL",
                    "THB",
                    "TJS",
                    "TMT",
                    "TND",
                    "TOP",
                    "TRY",
                    "TTD",
                    "TWD",
                    "TZS",
                    "UAH",
                    "UGX",
                    "USD",
                    "UYU",
                    "UZS",
                    "VEF",
                    "VND",
                    "VUV",
                    "WST",
                    "XAF",
                    "XCD",
                    "XOF",
                    "XPF",
                    "YER",
                    "ZAR",
                    "ZMW",
                    "ZWL"
                  ],
                  "type": "string"
                }
              },
              "additionalProperties": false,
              "required": [
                "value",
                "currency"
              ]
            }
          },
          "additionalProperties": false,
          "format": "currency"
        },
        "endAmount": {
          "title": "End",
          "description": "The upper boundary of the amount range",
          "type": "object",
          "properties": {
            "currency": {
              "title": "currency",
              "description": "",
              "type": "object",
              "properties": {
                "value": {
                  "title": "Value",
                  "description": "",
                  "minimum": 0,
                  "type": "number",
                  "format": "positiveNumber"
                },
                "currency": {
                  "title": "Currency",
                  "description": "",
                  "enum": [
                    "AED",
                    "AFN",
                    "ALL",
                    "AMD",
                    "ANG",
                    "AOA",
                    "ARS",
                    "AUD",
                    "AWG",
                    "AZN",
                    "BAM",
                    "BBD",
                    "BDT",
                    "BGN",
                    "BHD",
                    "BIF",
                    "BMD",
                    "BND",
                    "BOB",
                    "BRL",
                    "BSD",
                    "BTN",
                    "BWP",
                    "BYR",
                    "BZD",
                    "CAD",
                    "CDF",
                    "CHF",
                    "CLP",
                    "CNY",
                    "COP",
                    "CRC",
                    "CUC",
                    "CUP",
                    "CVE",
                    "CZK",
                    "DJF",
                    "DKK",
                    "DOP",
                    "DZD",
                    "EGP",
                    "ERN",
                    "ETB",
                    "EUR",
                    "FJD",
                    "FKP",
                    "GBP",
                    "GEL",
                    "GHS",
                    "GIP",
                    "GMD",
                    "GNF",
                    "GTQ",
                    "GYD",
                    "HKD",
                    "HNL",
                    "HRK",
                    "HTG",
                    "HUF",
                    "IDR",
                    "ILS",
                    "INR",
                    "IQD",
                    "IRR",
                    "ISK",
                    "JMD",
                    "JOD",
                    "JPY",
                    "KES",
                    "KGS",
                    "KHR",
                    "KMF",
                    "KPW",
                    "KRW",
                    "KWD",
                    "KYD",
                    "KZT",
                    "LAK",
                    "LBP",
                    "LKR",
                    "LRD",
                    "LSL",
                    "LYD",
                    "MAD",
                    "MDL",
                    "MGA",
                    "MKD",
                    "MMK",
                    "MNT",
                    "MOP",
                    "MRO",
                    "MUR",
                    "MVR",
                    "MWK",
                    "MXN",
                    "MYR",
                    "MZN",
                    "NAD",
                    "NGN",
                    "NIO",
                    "NOK",
                    "NPR",
                    "NZD",
                    "OMR",
                    "PAB",
                    "PEN",
                    "PGK",
                    "PHP",
                    "PKR",
                    "PLN",
                    "PYG",
                    "QAR",
                    "RON",
                    "RSD",
                    "RUB",
                    "RWF",
                    "SAR",
                    "SBD",
                    "SCR",
                    "SDG",
                    "SEK",
                    "SGD",
                    "SHP",
                    "SLL",
                    "SOS",
                    "SRD",
                    "SSP",
                    "STD",
                    "SVC",
                    "SYP",
                    "SZL",
                    "THB",
                    "TJS",
                    "TMT",
                    "TND",
                    "TOP",
                    "TRY",
                    "TTD",
                    "TWD",
                    "TZS",
                    "UAH",
                    "UGX",
                    "USD",
                    "UYU",
                    "UZS",
                    "VEF",
                    "VND",
                    "VUV",
                    "WST",
                    "XAF",
                    "XCD",
                    "XOF",
                    "XPF",
                    "YER",
                    "ZAR",
                    "ZMW",
                    "ZWL"
                  ],
                  "type": "string"
                }
              },
              "additionalProperties": false,
              "required": [
                "value",
                "currency"
              ]
            }
          },
          "additionalProperties": false,
          "format": "currency"
        }
      },
      "additionalProperties": false,
      "required": [
        "startAmount",
        "endAmount"
      ]
    }
  },
  "required": [
    "id",
    "title",
    "status"
  ],
  "additionalProperties": false
}