{
  "title": "External Donation",
  "description": "A donation made by a constitient to an external organization",
  "type": "object",
  "properties": {
    "metadata": {
      "title": "Metadata",
      "description": "Metadata about the JSON payload",
      "type": "object",
      "properties": {
        "createdBy": {
          "title": "Created By",
          "description": "The name of the originator (user or system) of the data. This is informational only, do not use in business logic!",
          "type": "string"
        },
        "createdOn": {
          "title": "Created On",
          "description": "The date and time when the entity instance was created",
          "oneOf": [
            {
              "type": "string",
              "format": "date-time",
              "pattern": "^(-?(?:[1-9][0-9]*)?[0-9]{4})-(1[0-2]|0[1-9])-(3[0-1]|0[1-9]|[1-2][0-9])T(2[0-3]|[0-1][0-9]):([0-5][0-9]):([0-5][0-9])(\\.[0-9]+)?(Z|[+-](?:2[0-3]|[0-1][0-9]):[0-5][0-9])?$"
            },
            {
              "type": "string",
              "maxLength": 0
            }
          ]
        },
        "modifiedBy": {
          "title": "Modified By",
          "description": "The name of the modifier (user or system) of the data. This is informational only, do not use in business logic!",
          "type": "string"
        },
        "modifiedOn": {
          "title": "Modified On",
          "description": "The date and time when the entity instance was last modified",
          "oneOf": [
            {
              "type": "string",
              "format": "date-time",
              "pattern": "^(-?(?:[1-9][0-9]*)?[0-9]{4})-(1[0-2]|0[1-9])-(3[0-1]|0[1-9]|[1-2][0-9])T(2[0-3]|[0-1][0-9]):([0-5][0-9]):([0-5][0-9])(\\.[0-9]+)?(Z|[+-](?:2[0-3]|[0-1][0-9]):[0-5][0-9])?$"
            },
            {
              "type": "string",
              "maxLength": 0
            }
          ]
        }
      },
      "additionalProperties": false
    },
    "id": {
      "title": "ID",
      "description": "The global identifier of an external donation",
      "type": "string",
      "format": "guid",
      "pattern": "^[a-f0-9]{8}(?:-[a-f0-9]{4}){3}-[a-f0-9]{12}$"
    },
    "donor": {
      "title": "Donor",
      "description": "",
      "oneOf": [
        {
          "title": "Person",
          "description": "A person who made a donation",
          "type": "object",
          "properties": {
            "person": {
              "title": "Person",
              "description": "A human being or other independent agent.",
              "type": "object",
              "properties": {
                "id": {
                  "title": "ID",
                  "description": "The global identifier for Person",
                  "type": "string",
                  "format": "guid",
                  "pattern": "^[a-f0-9]{8}(?:-[a-f0-9]{4}){3}-[a-f0-9]{12}$"
                }
              },
              "links": [
                {
                  "rel": "self",
                  "href": "/persons/{id}",
                  "targetSchema": {
                    "$ref": "persons.json#"
                  }
                }
              ],
              "additionalProperties": false,
              "required": [
                "id"
              ]
            }
          },
          "additionalProperties": false,
          "required": [
            "person"
          ]
        },
        {
          "title": "Organization",
          "description": "An organization that made a donation",
          "type": "object",
          "properties": {
            "organization": {
              "title": "Organization",
              "description": "Represents a collection of people organized together into a community or other social, commercial or political structure for the purposes of education. The group has some common purpose or reason for existence which goes beyond the set of people belonging to it and can act as an Agent. Organizations are often decomposable into hierarchical structures. In the higher education context, it represents an Institution, School, College, Center, Division, and any other organizational unit that can act as an Agent.",
              "type": "object",
              "properties": {
                "id": {
                  "title": "ID",
                  "description": "The global identifier for Organization",
                  "type": "string",
                  "format": "guid",
                  "pattern": "^[a-f0-9]{8}(?:-[a-f0-9]{4}){3}-[a-f0-9]{12}$"
                }
              },
              "links": [
                {
                  "rel": "self",
                  "href": "/organizations/{id}",
                  "targetSchema": {
                    "$ref": "organizations.json#"
                  }
                }
              ],
              "additionalProperties": false,
              "required": [
                "id"
              ]
            }
          },
          "additionalProperties": false,
          "required": [
            "organization"
          ]
        }
      ]
    },
    "recipient": {
      "title": "Recipient",
      "description": "The full name a recipient of a donation",
      "type": "string",
      "minLength": 1
    },
    "description": {
      "title": "Description",
      "description": "The full description of an external donation",
      "type": "string"
    },
    "donatedOn": {
      "title": "Donation Date",
      "description": "A date of an external donation",
      "type": "string",
      "format": "date-time",
      "pattern": "^(-?(?:[1-9][0-9]*)?[0-9]{4})-(1[0-2]|0[1-9])-(3[0-1]|0[1-9]|[1-2][0-9])T(2[0-3]|[0-1][0-9]):([0-5][0-9]):([0-5][0-9])(\\.[0-9]+)?(Z|[+-](?:2[0-3]|[0-1][0-9]):[0-5][0-9])?$"
    },
    "amount": {
      "title": "Donated Amount",
      "description": "An amount of an external donation",
      "oneOf": [
        {
          "type": "object",
          "properties": {
            "currency": {
              "title": "currency",
              "description": "",
              "type": "object",
              "properties": {
                "value": {
                  "title": "Value",
                  "description": "",
                  "minimum": 0,
                  "type": "number",
                  "format": "positiveNumber"
                },
                "currency": {
                  "title": "Currency",
                  "description": "",
                  "enum": [
                    "AED",
                    "AFN",
                    "ALL",
                    "AMD",
                    "ANG",
                    "AOA",
                    "ARS",
                    "AUD",
                    "AWG",
                    "AZN",
                    "BAM",
                    "BBD",
                    "BDT",
                    "BGN",
                    "BHD",
                    "BIF",
                    "BMD",
                    "BND",
                    "BOB",
                    "BRL",
                    "BSD",
                    "BTN",
                    "BWP",
                    "BYR",
                    "BZD",
                    "CAD",
                    "CDF",
                    "CHF",
                    "CLP",
                    "CNY",
                    "COP",
                    "CRC",
                    "CUC",
                    "CUP",
                    "CVE",
                    "CZK",
                    "DJF",
                    "DKK",
                    "DOP",
                    "DZD",
                    "EGP",
                    "ERN",
                    "ETB",
                    "EUR",
                    "FJD",
                    "FKP",
                    "GBP",
                    "GEL",
                    "GHS",
                    "GIP",
                    "GMD",
                    "GNF",
                    "GTQ",
                    "GYD",
                    "HKD",
                    "HNL",
                    "HRK",
                    "HTG",
                    "HUF",
                    "IDR",
                    "ILS",
                    "INR",
                    "IQD",
                    "IRR",
                    "ISK",
                    "JMD",
                    "JOD",
                    "JPY",
                    "KES",
                    "KGS",
                    "KHR",
                    "KMF",
                    "KPW",
                    "KRW",
                    "KWD",
                    "KYD",
                    "KZT",
                    "LAK",
                    "LBP",
                    "LKR",
                    "LRD",
                    "LSL",
                    "LYD",
                    "MAD",
                    "MDL",
                    "MGA",
                    "MKD",
                    "MMK",
                    "MNT",
                    "MOP",
                    "MRO",
                    "MUR",
                    "MVR",
                    "MWK",
                    "MXN",
                    "MYR",
                    "MZN",
                    "NAD",
                    "NGN",
                    "NIO",
                    "NOK",
                    "NPR",
                    "NZD",
                    "OMR",
                    "PAB",
                    "PEN",
                    "PGK",
                    "PHP",
                    "PKR",
                    "PLN",
                    "PYG",
                    "QAR",
                    "RON",
                    "RSD",
                    "RUB",
                    "RWF",
                    "SAR",
                    "SBD",
                    "SCR",
                    "SDG",
                    "SEK",
                    "SGD",
                    "SHP",
                    "SLL",
                    "SOS",
                    "SRD",
                    "SSP",
                    "STD",
                    "SVC",
                    "SYP",
                    "SZL",
                    "THB",
                    "TJS",
                    "TMT",
                    "TND",
                    "TOP",
                    "TRY",
                    "TTD",
                    "TWD",
                    "TZS",
                    "UAH",
                    "UGX",
                    "USD",
                    "UYU",
                    "UZS",
                    "VEF",
                    "VND",
                    "VUV",
                    "WST",
                    "XAF",
                    "XCD",
                    "XOF",
                    "XPF",
                    "YER",
                    "ZAR",
                    "ZMW",
                    "ZWL"
                  ],
                  "type": "string"
                }
              },
              "additionalProperties": false,
              "required": [
                "value",
                "currency"
              ]
            }
          },
          "additionalProperties": false,
          "format": "currency"
        },
        {
          "type": "object",
          "maxProperties": 0
        }
      ]
    }
  },
  "required": [
    "id",
    "donor",
    "recipient",
    "donatedOn"
  ],
  "additionalProperties": false
}