{
  "title": "General Ledger Transaction",
  "description": "The details of a transaction to be entered into the general ledger.",
  "type": "object",
  "properties": {
    "metadata": {
      "title": "Metadata",
      "description": "Metadata about the JSON payload",
      "type": "object",
      "properties": {
        "createdBy": {
          "title": "Created By",
          "description": "The name of the originator (user or system) of the data. This is informational only, do not use in business logic!",
          "type": "string"
        },
        "createdOn": {
          "title": "Created On",
          "description": "The date and time when the entity instance was created",
          "oneOf": [
            {
              "type": "string",
              "format": "date-time",
              "pattern": "^(-?(?:[1-9][0-9]*)?[0-9]{4})-(1[0-2]|0[1-9])-(3[0-1]|0[1-9]|[1-2][0-9])T(2[0-3]|[0-1][0-9]):([0-5][0-9]):([0-5][0-9])(\\.[0-9]+)?(Z|[+-](?:2[0-3]|[0-1][0-9]):[0-5][0-9])?$"
            },
            {
              "type": "string",
              "maxLength": 0
            }
          ]
        },
        "modifiedBy": {
          "title": "Modified By",
          "description": "The name of the modifier (user or system) of the data. This is informational only, do not use in business logic!",
          "type": "string"
        },
        "modifiedOn": {
          "title": "Modified On",
          "description": "The date and time when the entity instance was last modified",
          "oneOf": [
            {
              "type": "string",
              "format": "date-time",
              "pattern": "^(-?(?:[1-9][0-9]*)?[0-9]{4})-(1[0-2]|0[1-9])-(3[0-1]|0[1-9]|[1-2][0-9])T(2[0-3]|[0-1][0-9]):([0-5][0-9]):([0-5][0-9])(\\.[0-9]+)?(Z|[+-](?:2[0-3]|[0-1][0-9]):[0-5][0-9])?$"
            },
            {
              "type": "string",
              "maxLength": 0
            }
          ]
        }
      },
      "additionalProperties": false
    },
    "id": {
      "title": "ID",
      "description": "A global identifier of a .",
      "type": "string",
      "format": "guid",
      "pattern": "^[a-f0-9]{8}(?:-[a-f0-9]{4}){3}-[a-f0-9]{12}$"
    },
    "ledgerDate": {
      "title": "Date",
      "description": "The date the transaction is put into the ledger.",
      "oneOf": [
        {
          "type": "string",
          "format": "date",
          "pattern": "^(-?(?:[1-9][0-9]*)?[0-9]{4})-(1[0-2]|0[1-9])-(3[0-1]|0[1-9]|[1-2][0-9])$"
        },
        {
          "type": "string",
          "maxLength": 0
        }
      ]
    },
    "type": {
      "title": "Type",
      "description": "The type of general ledger transaction.",
      "enum": [
        "journalEntry"
      ],
      "type": "string"
    },
    "processMode": {
      "title": "Process Mode",
      "description": "How the transaction should be processed.",
      "enum": [
        "update",
        "validate"
      ],
      "type": "string"
    },
    "senderReference": {
      "title": "Sender Reference",
      "description": "Additional reference information about the sender of the transaction.",
      "oneOf": [
        {
          "type": "object",
          "properties": {
            "sender": {
              "title": "Sender",
              "description": "",
              "oneOf": [
                {
                  "title": "Person",
                  "description": "The person sending the transaction.",
                  "type": "object",
                  "properties": {
                    "person": {
                      "title": "Person",
                      "description": "A human being or other independent agent.",
                      "type": "object",
                      "properties": {
                        "id": {
                          "title": "ID",
                          "description": "The global identifier for Person",
                          "type": "string",
                          "format": "guid",
                          "pattern": "^[a-f0-9]{8}(?:-[a-f0-9]{4}){3}-[a-f0-9]{12}$"
                        }
                      },
                      "links": [
                        {
                          "rel": "self",
                          "href": "/persons/{id}",
                          "targetSchema": {
                            "$ref": "persons.json#"
                          }
                        }
                      ],
                      "additionalProperties": false,
                      "required": [
                        "id"
                      ]
                    }
                  },
                  "additionalProperties": false,
                  "required": [
                    "person"
                  ]
                },
                {
                  "title": "Organization",
                  "description": "The sending organization.",
                  "type": "object",
                  "properties": {
                    "organization": {
                      "title": "Organization",
                      "description": "Represents a collection of people organized together into a community or other social, commercial or political structure for the purposes of education. The group has some common purpose or reason for existence which goes beyond the set of people belonging to it and can act as an Agent. Organizations are often decomposable into hierarchical structures. In the higher education context, it represents an Institution, School, College, Center, Division, and any other organizational unit that can act as an Agent.",
                      "type": "object",
                      "properties": {
                        "id": {
                          "title": "ID",
                          "description": "The global identifier for Organization",
                          "type": "string",
                          "format": "guid",
                          "pattern": "^[a-f0-9]{8}(?:-[a-f0-9]{4}){3}-[a-f0-9]{12}$"
                        }
                      },
                      "links": [
                        {
                          "rel": "self",
                          "href": "/organizations/{id}",
                          "targetSchema": {
                            "$ref": "organizations.json#"
                          }
                        }
                      ],
                      "additionalProperties": false,
                      "required": [
                        "id"
                      ]
                    }
                  },
                  "additionalProperties": false,
                  "required": [
                    "organization"
                  ]
                }
              ]
            },
            "referenceNumber": {
              "title": "Reference Number",
              "description": "A number that ties together multiple entities into a common process.",
              "type": "string"
            },
            "adjustmentNumber": {
              "title": "Adjustment Number",
              "description": "A sequence number that identifies an adjustment.",
              "type": "string"
            }
          },
          "additionalProperties": false,
          "required": [
            "sender"
          ]
        },
        {
          "type": "object",
          "maxProperties": 0
        }
      ]
    },
    "transactionDetailLines": {
      "title": "Transaction Detail Line",
      "description": "",
      "type": "array",
      "items": {
        "type": "object",
        "properties": {
          "description": {
            "title": "Description",
            "description": "A description of the transaction detail line.",
            "type": "string"
          },
          "accountComponents": {
            "title": "Account Component",
            "description": "",
            "type": "array",
            "items": {
              "type": "object",
              "properties": {
                "accountComponent": {
                  "title": "Account Component",
                  "description": "A component part of an account.",
                  "type": "object",
                  "properties": {
                    "id": {
                      "title": "ID",
                      "description": "The global identifier for Account Component",
                      "type": "string",
                      "format": "guid",
                      "pattern": "^[a-f0-9]{8}(?:-[a-f0-9]{4}){3}-[a-f0-9]{12}$"
                    }
                  },
                  "links": [
                    {
                      "rel": "self",
                      "href": "/account-components/{id}",
                      "targetSchema": {
                        "$ref": "account-components.json#"
                      }
                    }
                  ],
                  "additionalProperties": false,
                  "required": [
                    "id"
                  ]
                },
                "value": {
                  "title": "Value",
                  "description": "The value of the account component",
                  "type": "string",
                  "minLength": 1
                }
              },
              "additionalProperties": false,
              "required": [
                "accountComponent",
                "value"
              ]
            }
          },
          "type": {
            "title": "Type",
            "description": "The type of transaction being detailed on this line (credit or debit).",
            "enum": [
              "credit",
              "debit"
            ],
            "type": "string"
          },
          "amount": {
            "title": "Amount",
            "description": "The amount of the transaction detatiled on this line.",
            "type": "object",
            "properties": {
              "currency": {
                "title": "currency",
                "description": "",
                "type": "object",
                "properties": {
                  "value": {
                    "title": "Value",
                    "description": "",
                    "minimum": 0,
                    "type": "number",
                    "format": "positiveNumber"
                  },
                  "currency": {
                    "title": "Currency",
                    "description": "",
                    "enum": [
                      "AED",
                      "AFN",
                      "ALL",
                      "AMD",
                      "ANG",
                      "AOA",
                      "ARS",
                      "AUD",
                      "AWG",
                      "AZN",
                      "BAM",
                      "BBD",
                      "BDT",
                      "BGN",
                      "BHD",
                      "BIF",
                      "BMD",
                      "BND",
                      "BOB",
                      "BRL",
                      "BSD",
                      "BTN",
                      "BWP",
                      "BYR",
                      "BZD",
                      "CAD",
                      "CDF",
                      "CHF",
                      "CLP",
                      "CNY",
                      "COP",
                      "CRC",
                      "CUC",
                      "CUP",
                      "CVE",
                      "CZK",
                      "DJF",
                      "DKK",
                      "DOP",
                      "DZD",
                      "EGP",
                      "ERN",
                      "ETB",
                      "EUR",
                      "FJD",
                      "FKP",
                      "GBP",
                      "GEL",
                      "GHS",
                      "GIP",
                      "GMD",
                      "GNF",
                      "GTQ",
                      "GYD",
                      "HKD",
                      "HNL",
                      "HRK",
                      "HTG",
                      "HUF",
                      "IDR",
                      "ILS",
                      "INR",
                      "IQD",
                      "IRR",
                      "ISK",
                      "JMD",
                      "JOD",
                      "JPY",
                      "KES",
                      "KGS",
                      "KHR",
                      "KMF",
                      "KPW",
                      "KRW",
                      "KWD",
                      "KYD",
                      "KZT",
                      "LAK",
                      "LBP",
                      "LKR",
                      "LRD",
                      "LSL",
                      "LYD",
                      "MAD",
                      "MDL",
                      "MGA",
                      "MKD",
                      "MMK",
                      "MNT",
                      "MOP",
                      "MRO",
                      "MUR",
                      "MVR",
                      "MWK",
                      "MXN",
                      "MYR",
                      "MZN",
                      "NAD",
                      "NGN",
                      "NIO",
                      "NOK",
                      "NPR",
                      "NZD",
                      "OMR",
                      "PAB",
                      "PEN",
                      "PGK",
                      "PHP",
                      "PKR",
                      "PLN",
                      "PYG",
                      "QAR",
                      "RON",
                      "RSD",
                      "RUB",
                      "RWF",
                      "SAR",
                      "SBD",
                      "SCR",
                      "SDG",
                      "SEK",
                      "SGD",
                      "SHP",
                      "SLL",
                      "SOS",
                      "SRD",
                      "SSP",
                      "STD",
                      "SVC",
                      "SYP",
                      "SZL",
                      "THB",
                      "TJS",
                      "TMT",
                      "TND",
                      "TOP",
                      "TRY",
                      "TTD",
                      "TWD",
                      "TZS",
                      "UAH",
                      "UGX",
                      "USD",
                      "UYU",
                      "UZS",
                      "VEF",
                      "VND",
                      "VUV",
                      "WST",
                      "XAF",
                      "XCD",
                      "XOF",
                      "XPF",
                      "YER",
                      "ZAR",
                      "ZMW",
                      "ZWL"
                    ],
                    "type": "string"
                  }
                },
                "additionalProperties": false,
                "required": [
                  "value",
                  "currency"
                ]
              }
            },
            "additionalProperties": false,
            "format": "currency"
          }
        },
        "additionalProperties": false,
        "required": [
          "accountComponents",
          "type",
          "amount"
        ]
      }
    }
  },
  "required": [
    "type",
    "processMode",
    "transactionDetailLines"
  ],
  "additionalProperties": false
}