{
  "title": "Geographic Area",
  "description": "A geographic area defined for a specific purpose",
  "type": "object",
  "properties": {
    "metadata": {
      "title": "Metadata",
      "description": "Metadata about the JSON payload",
      "type": "object",
      "properties": {
        "createdBy": {
          "title": "Created By",
          "description": "The name of the originator (user or system) of the data. This is informational only, do not use in business logic!",
          "type": "string"
        },
        "createdOn": {
          "title": "Created On",
          "description": "The date and time when the entity instance was created",
          "oneOf": [
            {
              "type": "string",
              "format": "date-time",
              "pattern": "^(-?(?:[1-9][0-9]*)?[0-9]{4})-(1[0-2]|0[1-9])-(3[0-1]|0[1-9]|[1-2][0-9])T(2[0-3]|[0-1][0-9]):([0-5][0-9]):([0-5][0-9])(\\.[0-9]+)?(Z|[+-](?:2[0-3]|[0-1][0-9]):[0-5][0-9])?$"
            },
            {
              "type": "string",
              "maxLength": 0
            }
          ]
        },
        "modifiedBy": {
          "title": "Modified By",
          "description": "The name of the modifier (user or system) of the data. This is informational only, do not use in business logic!",
          "type": "string"
        },
        "modifiedOn": {
          "title": "Modified On",
          "description": "The date and time when the entity instance was last modified",
          "oneOf": [
            {
              "type": "string",
              "format": "date-time",
              "pattern": "^(-?(?:[1-9][0-9]*)?[0-9]{4})-(1[0-2]|0[1-9])-(3[0-1]|0[1-9]|[1-2][0-9])T(2[0-3]|[0-1][0-9]):([0-5][0-9]):([0-5][0-9])(\\.[0-9]+)?(Z|[+-](?:2[0-3]|[0-1][0-9]):[0-5][0-9])?$"
            },
            {
              "type": "string",
              "maxLength": 0
            }
          ]
        }
      },
      "additionalProperties": false
    },
    "id": {
      "title": "Id",
      "description": "The global identifier of a geographic area",
      "type": "string",
      "format": "guid",
      "pattern": "^[a-f0-9]{8}(?:-[a-f0-9]{4}){3}-[a-f0-9]{12}$"
    },
    "title": {
      "title": "Title",
      "description": "The full name of a geographic area",
      "type": "string",
      "minLength": 1
    },
    "description": {
      "title": "Description",
      "description": "The description of a geographic area",
      "type": "string"
    },
    "type": {
      "title": "Type",
      "description": "The type of a geographic area",
      "type": "object",
      "properties": {
        "category": {
          "title": "Category",
          "description": "A category of geographic area type",
          "enum": [
            "governmental",
            "postal",
            "fundraising",
            "recruitment"
          ],
          "type": "string"
        },
        "detail": {
          "title": "Detail",
          "description": "A custom geographic area type",
          "oneOf": [
            {
              "type": "object",
              "properties": {
                "id": {
                  "title": "ID",
                  "description": "The global identifier for Detail",
                  "type": "string",
                  "format": "guid",
                  "pattern": "^[a-f0-9]{8}(?:-[a-f0-9]{4}){3}-[a-f0-9]{12}$"
                }
              },
              "links": [
                {
                  "rel": "self",
                  "href": "/geographic-areas/{id}",
                  "targetSchema": {
                    "$ref": "geographic-areas.json#"
                  }
                }
              ],
              "additionalProperties": false,
              "required": [
                "id"
              ]
            },
            {
              "type": "object",
              "maxProperties": 0
            }
          ]
        }
      },
      "additionalProperties": false,
      "required": [
        "category"
      ]
    },
    "code": {
      "title": "Code",
      "description": "The code of the area",
      "type": "string"
    },
    "includedAreas": {
      "title": "Included Areas",
      "description": "Areas included in this one",
      "type": "array",
      "items": {
        "title": "Included Areas",
        "description": "Areas included in this one",
        "type": "object",
        "properties": {
          "id": {
            "title": "ID",
            "description": "The global identifier for Included Areas",
            "type": "string",
            "format": "guid",
            "pattern": "^[a-f0-9]{8}(?:-[a-f0-9]{4}){3}-[a-f0-9]{12}$"
          }
        },
        "links": [
          {
            "rel": "self",
            "href": "/geographic-areas/{id}",
            "targetSchema": {
              "$ref": "geographic-areas.json#"
            }
          }
        ],
        "additionalProperties": false,
        "required": [
          "id"
        ]
      }
    }
  },
  "required": [
    "id",
    "title",
    "type"
  ],
  "additionalProperties": false
}