{
  "title": "Giving Capacity Range",
  "description": "The donation amount range",
  "type": "object",
  "properties": {
    "metadata": {
      "title": "Metadata",
      "description": "Metadata about the JSON payload",
      "type": "object",
      "properties": {
        "createdBy": {
          "title": "Created By",
          "description": "The name of the originator (user or system) of the data. This is informational only, do not use in business logic!",
          "type": "string"
        },
        "createdOn": {
          "title": "Created On",
          "description": "The date and time when the entity instance was created",
          "oneOf": [
            {
              "type": "string",
              "format": "date-time",
              "pattern": "^(-?(?:[1-9][0-9]*)?[0-9]{4})-(1[0-2]|0[1-9])-(3[0-1]|0[1-9]|[1-2][0-9])T(2[0-3]|[0-1][0-9]):([0-5][0-9]):([0-5][0-9])(\\.[0-9]+)?(Z|[+-](?:2[0-3]|[0-1][0-9]):[0-5][0-9])?$"
            },
            {
              "type": "string",
              "maxLength": 0
            }
          ]
        },
        "modifiedBy": {
          "title": "Modified By",
          "description": "The name of the modifier (user or system) of the data. This is informational only, do not use in business logic!",
          "type": "string"
        },
        "modifiedOn": {
          "title": "Modified On",
          "description": "The date and time when the entity instance was last modified",
          "oneOf": [
            {
              "type": "string",
              "format": "date-time",
              "pattern": "^(-?(?:[1-9][0-9]*)?[0-9]{4})-(1[0-2]|0[1-9])-(3[0-1]|0[1-9]|[1-2][0-9])T(2[0-3]|[0-1][0-9]):([0-5][0-9]):([0-5][0-9])(\\.[0-9]+)?(Z|[+-](?:2[0-3]|[0-1][0-9]):[0-5][0-9])?$"
            },
            {
              "type": "string",
              "maxLength": 0
            }
          ]
        }
      },
      "additionalProperties": false
    },
    "id": {
      "title": "ID",
      "description": "The global identifier of the donation amount range",
      "type": "string",
      "format": "guid",
      "pattern": "^[a-f0-9]{8}(?:-[a-f0-9]{4}){3}-[a-f0-9]{12}$"
    },
    "title": {
      "title": "Title",
      "description": "The full name of the donation amount range",
      "type": "string",
      "minLength": 1
    },
    "description": {
      "title": "Description",
      "description": "A full description of the donation amount range",
      "type": "string"
    },
    "range": {
      "title": "Range",
      "description": "A textual description of a range of values, such as \"$25K and lower\" for the start of a range, and \"$200K\" for the end. There is no expectation that any numeric values are included, just a human description of them.",
      "oneOf": [
        {
          "title": "One Of-1",
          "description": "",
          "type": "object",
          "properties": {
            "startValue": {
              "title": "Start Value",
              "description": "The textual description of the lower boundary of the range",
              "type": "string",
              "minLength": 1
            },
            "endValue": {
              "title": "End Value",
              "description": "The textual description of the upper boundary of the range",
              "type": "string"
            }
          },
          "additionalProperties": false,
          "required": [
            "startValue"
          ]
        },
        {
          "title": "One Of-2",
          "description": "",
          "type": "string"
        }
      ]
    },
    "currencyCode": {
      "title": "Currency Code",
      "description": "International code indicating the unit of currency of the amount.",
      "enum": [
        "AED",
        "AFN",
        "ALL",
        "AMD",
        "ANG",
        "AOA",
        "ARS",
        "AUD",
        "AWG",
        "AZN",
        "BAM",
        "BBD",
        "BDT",
        "BGN",
        "BHD",
        "BIF",
        "BMD",
        "BND",
        "BOB",
        "BRL",
        "BSD",
        "BTN",
        "BWP",
        "BYR",
        "BZD",
        "CAD",
        "CDF",
        "CHF",
        "CLP",
        "CNY",
        "COP",
        "CRC",
        "CUC",
        "CUP",
        "CVE",
        "CZK",
        "DJF",
        "DKK",
        "DOP",
        "DZD",
        "EGP",
        "ERN",
        "ETB",
        "EUR",
        "FJD",
        "FKP",
        "GBP",
        "GEL",
        "GHS",
        "GIP",
        "GMD",
        "GNF",
        "GTQ",
        "GYD",
        "HKD",
        "HNL",
        "HRK",
        "HTG",
        "HUF",
        "IDR",
        "ILS",
        "INR",
        "IQD",
        "IRR",
        "ISK",
        "JMD",
        "JOD",
        "JPY",
        "KES",
        "KGS",
        "KHR",
        "KMF",
        "KPW",
        "KRW",
        "KWD",
        "KYD",
        "KZT",
        "LAK",
        "LBP",
        "LKR",
        "LRD",
        "LSL",
        "LYD",
        "MAD",
        "MDL",
        "MGA",
        "MKD",
        "MMK",
        "MNT",
        "MOP",
        "MRO",
        "MUR",
        "MVR",
        "MWK",
        "MXN",
        "MYR",
        "MZN",
        "NAD",
        "NGN",
        "NIO",
        "NOK",
        "NPR",
        "NZD",
        "OMR",
        "PAB",
        "PEN",
        "PGK",
        "PHP",
        "PKR",
        "PLN",
        "PYG",
        "QAR",
        "RON",
        "RSD",
        "RUB",
        "RWF",
        "SAR",
        "SBD",
        "SCR",
        "SDG",
        "SEK",
        "SGD",
        "SHP",
        "SLL",
        "SOS",
        "SRD",
        "SSP",
        "STD",
        "SVC",
        "SYP",
        "SZL",
        "THB",
        "TJS",
        "TMT",
        "TND",
        "TOP",
        "TRY",
        "TTD",
        "TWD",
        "TZS",
        "UAH",
        "UGX",
        "USD",
        "UYU",
        "UZS",
        "VEF",
        "VND",
        "VUV",
        "WST",
        "XAF",
        "XCD",
        "XOF",
        "XPF",
        "YER",
        "ZAR",
        "ZMW",
        "ZWL"
      ],
      "format": "currencyCode",
      "type": "string"
    }
  },
  "required": [
    "id",
    "title",
    "range"
  ],
  "additionalProperties": false
}