{
  "title": "Grade Scheme Items",
  "description": "The individual grade items that constitute a grade scheme.",
  "type": "object",
  "properties": {
    "metadata": {
      "title": "Metadata",
      "description": "Metadata about the JSON payload",
      "type": "object",
      "properties": {
        "createdBy": {
          "title": "Created By",
          "description": "The name of the originator (user or system) of the data. This is informational only, do not use in business logic!",
          "type": "string"
        },
        "createdOn": {
          "title": "Created On",
          "description": "The date and time when the entity instance was created",
          "oneOf": [
            {
              "type": "string",
              "format": "date-time",
              "pattern": "^(-?(?:[1-9][0-9]*)?[0-9]{4})-(1[0-2]|0[1-9])-(3[0-1]|0[1-9]|[1-2][0-9])T(2[0-3]|[0-1][0-9]):([0-5][0-9]):([0-5][0-9])(\\.[0-9]+)?(Z|[+-](?:2[0-3]|[0-1][0-9]):[0-5][0-9])?$"
            },
            {
              "type": "string",
              "maxLength": 0
            }
          ]
        },
        "modifiedBy": {
          "title": "Modified By",
          "description": "The name of the modifier (user or system) of the data. This is informational only, do not use in business logic!",
          "type": "string"
        },
        "modifiedOn": {
          "title": "Modified On",
          "description": "The date and time when the entity instance was last modified",
          "oneOf": [
            {
              "type": "string",
              "format": "date-time",
              "pattern": "^(-?(?:[1-9][0-9]*)?[0-9]{4})-(1[0-2]|0[1-9])-(3[0-1]|0[1-9]|[1-2][0-9])T(2[0-3]|[0-1][0-9]):([0-5][0-9]):([0-5][0-9])(\\.[0-9]+)?(Z|[+-](?:2[0-3]|[0-1][0-9]):[0-5][0-9])?$"
            },
            {
              "type": "string",
              "maxLength": 0
            }
          ]
        }
      },
      "additionalProperties": false
    },
    "id": {
      "title": "Id",
      "description": "The global identifier of the grade scheme item.",
      "type": "string",
      "format": "guid",
      "pattern": "^[a-f0-9]{8}(?:-[a-f0-9]{4}){3}-[a-f0-9]{12}$"
    },
    "scheme": {
      "title": "Grade Scheme",
      "description": "The grade scheme which defines the context of the grade scheme item.",
      "type": "object",
      "properties": {
        "id": {
          "title": "ID",
          "description": "The global identifier for Grade Scheme",
          "type": "string",
          "format": "guid",
          "pattern": "^[a-f0-9]{8}(?:-[a-f0-9]{4}){3}-[a-f0-9]{12}$"
        }
      },
      "links": [
        {
          "rel": "self",
          "href": "/grade-schemes/{id}",
          "targetSchema": {
            "$ref": "grade-schemes.json#"
          }
        }
      ],
      "additionalProperties": false,
      "required": [
        "id"
      ]
    },
    "grade": {
      "title": "Grade",
      "description": "The literal value or numeric range that distinguishes the grade scheme item.",
      "oneOf": [
        {
          "title": "Literal Value",
          "description": "The item is defined as a literal",
          "type": "object",
          "properties": {
            "type": {
              "title": "Type",
              "description": "The type of the grade scheme item.",
              "enum": [
                "literal"
              ],
              "type": "string"
            },
            "value": {
              "title": "Value",
              "description": "The literal value of the grade scheme item.",
              "type": "string"
            }
          },
          "additionalProperties": false,
          "required": [
            "type",
            "value"
          ]
        },
        {
          "title": "Numeric Range",
          "description": "The numeric range that defines the grade scheme item",
          "type": "object",
          "properties": {
            "type": {
              "title": "Type",
              "description": "The type of the grade scheme item.",
              "enum": [
                "numeric"
              ],
              "type": "string"
            },
            "minValue": {
              "title": "Minimum Value",
              "description": "The lower boundary of the numeric range of the grade scheme item.",
              "type": "number"
            },
            "maxValue": {
              "title": "Maximum Value",
              "description": "The upper boundary of the numeric range of the grade scheme item.",
              "type": "number"
            },
            "increment": {
              "title": "Increment",
              "description": "The size of the allowed incremental steps between the lower and upper boundaries of the range.",
              "type": "number"
            }
          },
          "additionalProperties": false,
          "required": [
            "type",
            "minValue",
            "maxValue"
          ]
        }
      ]
    },
    "startOn": {
      "title": "Start Date",
      "description": "The earliest date on which the grade scheme item is valid.",
      "oneOf": [
        {
          "type": "string",
          "format": "date-time",
          "pattern": "^(-?(?:[1-9][0-9]*)?[0-9]{4})-(1[0-2]|0[1-9])-(3[0-1]|0[1-9]|[1-2][0-9])T(2[0-3]|[0-1][0-9]):([0-5][0-9]):([0-5][0-9])(\\.[0-9]+)?(Z|[+-](?:2[0-3]|[0-1][0-9]):[0-5][0-9])?$"
        },
        {
          "type": "string",
          "maxLength": 0
        }
      ]
    },
    "endOn": {
      "title": "End Date",
      "description": "The latest date on which the grade scheme item is valid.",
      "oneOf": [
        {
          "type": "string",
          "format": "date-time",
          "pattern": "^(-?(?:[1-9][0-9]*)?[0-9]{4})-(1[0-2]|0[1-9])-(3[0-1]|0[1-9]|[1-2][0-9])T(2[0-3]|[0-1][0-9]):([0-5][0-9]):([0-5][0-9])(\\.[0-9]+)?(Z|[+-](?:2[0-3]|[0-1][0-9]):[0-5][0-9])?$"
        },
        {
          "type": "string",
          "maxLength": 0
        }
      ]
    },
    "qualityValue": {
      "title": "Quality Value",
      "description": "The quality point value associated with the grade scheme item.",
      "oneOf": [
        {
          "type": "number",
          "minimum": 0,
          "format": "positiveNumber"
        },
        {
          "type": "null"
        }
      ]
    },
    "passFail": {
      "title": "Pass Fail Indicator",
      "description": "Specifies if the grade scheme item is considered to be a passing of failing grade.",
      "oneOf": [
        {
          "type": "string",
          "enum": [
            "pass",
            "fail"
          ]
        },
        {
          "type": "string",
          "maxLength": 0
        }
      ]
    },
    "equivalentGradeItems": {
      "title": "Equivalent Grade Items",
      "description": "A list of mapping to the equivalent grade scheme item in different grade schemes.",
      "type": "array",
      "items": {
        "title": "Equivalent Grade Items",
        "description": "A list of mapping to the equivalent grade scheme item in different grade schemes.",
        "type": "object",
        "properties": {
          "id": {
            "title": "ID",
            "description": "The global identifier for Equivalent Grade Items",
            "type": "string",
            "format": "guid",
            "pattern": "^[a-f0-9]{8}(?:-[a-f0-9]{4}){3}-[a-f0-9]{12}$"
          }
        },
        "links": [
          {
            "rel": "self",
            "href": "/grade-scheme-items/{id}",
            "targetSchema": {
              "$ref": "grade-scheme-items.json#"
            }
          }
        ],
        "additionalProperties": false,
        "required": [
          "id"
        ]
      }
    }
  },
  "required": [
    "id",
    "scheme",
    "grade"
  ],
  "additionalProperties": false
}