{
  "title": "Organization",
  "description": "Represents a collection of people organized together into a community or other social, commercial or political structure for the purposes of education. The group has some common purpose or reason for existence which goes beyond the set of people belonging to it and can act as an Agent. Organizations are often decomposable into hierarchical structures. In the higher education context, it represents an Institution, School, College, Center, Division, and any other organizational unit that can act as an Agent.",
  "type": "object",
  "properties": {
    "metadata": {
      "title": "Metadata",
      "description": "Metadata about the JSON payload",
      "type": "object",
      "properties": {
        "createdBy": {
          "title": "Created By",
          "description": "The name of the originator (user or system) of the data. This is informational only, do not use in business logic!",
          "type": "string"
        },
        "createdOn": {
          "title": "Created On",
          "description": "The date and time when the entity instance was created",
          "oneOf": [
            {
              "type": "string",
              "format": "date-time",
              "pattern": "^(-?(?:[1-9][0-9]*)?[0-9]{4})-(1[0-2]|0[1-9])-(3[0-1]|0[1-9]|[1-2][0-9])T(2[0-3]|[0-1][0-9]):([0-5][0-9]):([0-5][0-9])(\\.[0-9]+)?(Z|[+-](?:2[0-3]|[0-1][0-9]):[0-5][0-9])?$"
            },
            {
              "type": "string",
              "maxLength": 0
            }
          ]
        },
        "modifiedBy": {
          "title": "Modified By",
          "description": "The name of the modifier (user or system) of the data. This is informational only, do not use in business logic!",
          "type": "string"
        },
        "modifiedOn": {
          "title": "Modified On",
          "description": "The date and time when the entity instance was last modified",
          "oneOf": [
            {
              "type": "string",
              "format": "date-time",
              "pattern": "^(-?(?:[1-9][0-9]*)?[0-9]{4})-(1[0-2]|0[1-9])-(3[0-1]|0[1-9]|[1-2][0-9])T(2[0-3]|[0-1][0-9]):([0-5][0-9]):([0-5][0-9])(\\.[0-9]+)?(Z|[+-](?:2[0-3]|[0-1][0-9]):[0-5][0-9])?$"
            },
            {
              "type": "string",
              "maxLength": 0
            }
          ]
        }
      },
      "additionalProperties": false
    },
    "id": {
      "title": "ID",
      "description": "A globally unique identifier of an organization.",
      "type": "string",
      "format": "guid",
      "pattern": "^[a-f0-9]{8}(?:-[a-f0-9]{4}){3}-[a-f0-9]{12}$"
    },
    "code": {
      "title": "Code",
      "description": "A code used to identify an organization.",
      "type": "string"
    },
    "title": {
      "title": "Title",
      "description": "The full name of an organization.",
      "type": "string"
    },
    "description": {
      "title": "Description",
      "description": "A description of an organization.",
      "type": "string"
    },
    "type": {
      "title": "Type",
      "description": "The type of organization, e.g., \"College\", \"Department\", etc.",
      "oneOf": [
        {
          "type": "string",
          "enum": [
            "college",
            "department",
            "division",
            "faculty",
            "school",
            "university",
            "business"
          ]
        },
        {
          "type": "string",
          "maxLength": 0
        }
      ]
    },
    "locations": {
      "title": "Location",
      "description": "The physical locations where an organization may be contacted by mail.",
      "type": "array",
      "items": {
        "type": "object",
        "properties": {
          "id": {
            "title": "ID",
            "description": "A globally unique identifier of an organization's mailing location",
            "type": "string",
            "format": "guid",
            "pattern": "^[a-f0-9]{8}(?:-[a-f0-9]{4}){3}-[a-f0-9]{12}$"
          },
          "description": {
            "title": "Description",
            "description": "A full description or comments about the mailing location",
            "type": "string"
          },
          "type": {
            "title": "Type",
            "description": "A type of mailing location for an organization, such as the main office.",
            "type": "object",
            "properties": {
              "locationType": {
                "title": "Type",
                "description": "A type of location information for an organization.",
                "enum": [
                  "business",
                  "pobox",
                  "main",
                  "branch",
                  "region",
                  "support",
                  "other"
                ],
                "type": "string"
              },
              "detail": {
                "title": "Detail",
                "description": "",
                "oneOf": [
                  {
                    "type": "object",
                    "properties": {
                      "id": {
                        "title": "ID",
                        "description": "The global identifier for Detail",
                        "type": "string",
                        "format": "guid",
                        "pattern": "^[a-f0-9]{8}(?:-[a-f0-9]{4}){3}-[a-f0-9]{12}$"
                      }
                    },
                    "links": [
                      {
                        "rel": "self",
                        "href": "/location-types/{id}",
                        "targetSchema": {
                          "$ref": "location-types.json#"
                        }
                      }
                    ],
                    "additionalProperties": false,
                    "required": [
                      "id"
                    ]
                  },
                  {
                    "type": "object",
                    "maxProperties": 0
                  }
                ]
              }
            },
            "additionalProperties": false,
            "required": [
              "locationType"
            ]
          },
          "status": {
            "title": "Status",
            "description": "The status of the mailing location",
            "enum": [
              "active",
              "inactive"
            ],
            "type": "string"
          },
          "preference": {
            "title": "Preferred Location",
            "description": "Whether a mailing location is preferred over others of the same type.",
            "oneOf": [
              {
                "type": "string",
                "enum": [
                  "primary"
                ]
              },
              {
                "type": "string",
                "maxLength": 0
              }
            ]
          },
          "addressLines": {
            "title": "Address",
            "description": "The delivery address lines of the person's mailing location, such as a street or post office box number.",
            "type": "array",
            "items": {
              "type": "string"
            }
          },
          "place": {
            "title": "Place",
            "description": "A country specific postal region.  Postal regions are expressed as a hierarchy of country, region, and sub-region, and as a locality with postal automation codes",
            "oneOf": [
              {
                "type": "object",
                "properties": {
                  "country": {
                    "title": "Country",
                    "description": "The country where the person's mailing address is located.",
                    "oneOf": [
                      {
                        "title": "Australia",
                        "description": "",
                        "type": "object",
                        "properties": {
                          "code": {
                            "title": "Code",
                            "description": "The ISO 3166-1 alpha-3 country code.",
                            "enum": [
                              "AUS"
                            ],
                            "type": "string"
                          },
                          "title": {
                            "title": "Country",
                            "description": "The name of the country, as used in everyday speech.",
                            "type": "string"
                          },
                          "postalTitle": {
                            "title": "Postal Country",
                            "description": "The name of the country when mail is being addressed from an international sender.",
                            "oneOf": [
                              {
                                "type": "string",
                                "enum": [
                                  "AUSTRALIA"
                                ]
                              },
                              {
                                "type": "string",
                                "maxLength": 0
                              }
                            ]
                          },
                          "region": {
                            "title": "Region",
                            "description": "A region within the country",
                            "type": "object",
                            "properties": {
                              "code": {
                                "title": "Code",
                                "description": "The code of a region within the country",
                                "oneOf": [
                                  {
                                    "type": "string",
                                    "enum": [
                                      "NSW",
                                      "ACT",
                                      "VIC",
                                      "QLD",
                                      "SA",
                                      "WA",
                                      "TAS",
                                      "NT"
                                    ]
                                  },
                                  {
                                    "type": "string",
                                    "maxLength": 0
                                  }
                                ]
                              },
                              "title": {
                                "title": "Title",
                                "description": "The full name of the region",
                                "type": "string"
                              }
                            },
                            "additionalProperties": false
                          },
                          "subRegion": {
                            "title": "Subregion",
                            "description": "A subregion within the country and region",
                            "type": "object",
                            "properties": {
                              "code": {
                                "title": "Code",
                                "description": "The code of a subregion",
                                "type": "string"
                              },
                              "title": {
                                "title": "Title",
                                "description": "The name of a subregion",
                                "type": "string"
                              }
                            },
                            "additionalProperties": false
                          },
                          "locality": {
                            "title": "city",
                            "description": "The name of the city or town.",
                            "type": "string"
                          },
                          "postalCode": {
                            "title": "Postal Code",
                            "description": "The mailing postal code.",
                            "oneOf": [
                              {
                                "type": "string",
                                "pattern": "^(0[289][0-9]{2})|([1345689][0-9]{3})|(2[0-8][0-9]{2})|(290[0-9])|(291[0-4])|(7[0-4][0-9]{2})|(7[8-9][0-9]{2})$"
                              },
                              {
                                "type": "string",
                                "maxLength": 0
                              }
                            ]
                          }
                        },
                        "additionalProperties": false,
                        "required": [
                          "code"
                        ]
                      },
                      {
                        "title": "Brazil",
                        "description": "",
                        "type": "object",
                        "properties": {
                          "code": {
                            "title": "Code",
                            "description": "The ISO 3166-1 alpha-3 country code.",
                            "enum": [
                              "BRA"
                            ],
                            "type": "string"
                          },
                          "title": {
                            "title": "Country",
                            "description": "The name of the country, as used in everyday speech.",
                            "type": "string"
                          },
                          "postalTitle": {
                            "title": "Postal Country",
                            "description": "The name of the country when mail is being addressed from an international sender.",
                            "oneOf": [
                              {
                                "type": "string",
                                "enum": [
                                  "BRAZIL"
                                ]
                              },
                              {
                                "type": "string",
                                "maxLength": 0
                              }
                            ]
                          },
                          "region": {
                            "title": "Region",
                            "description": "A region within the country",
                            "type": "object",
                            "properties": {
                              "code": {
                                "title": "Code",
                                "description": "The code of a region within the country",
                                "oneOf": [
                                  {
                                    "type": "string",
                                    "enum": [
                                      "AC",
                                      "AL",
                                      "AM",
                                      "AP",
                                      "BA",
                                      "CE",
                                      "DF",
                                      "ES",
                                      "GO",
                                      "MA",
                                      "MG",
                                      "MS",
                                      "MT",
                                      "PA",
                                      "PB",
                                      "PE",
                                      "PI",
                                      "PR",
                                      "RJ",
                                      "RN",
                                      "RO",
                                      "RR",
                                      "RS",
                                      "SC",
                                      "SE",
                                      "SP"
                                    ]
                                  },
                                  {
                                    "type": "string",
                                    "maxLength": 0
                                  }
                                ]
                              },
                              "title": {
                                "title": "Title",
                                "description": "The full name of the region",
                                "type": "string"
                              }
                            },
                            "additionalProperties": false
                          },
                          "subRegion": {
                            "title": "Subregion",
                            "description": "A subregion within the country and region",
                            "type": "object",
                            "properties": {
                              "code": {
                                "title": "Code",
                                "description": "The code of a subregion",
                                "type": "string"
                              },
                              "title": {
                                "title": "Title",
                                "description": "The name of a subregion",
                                "type": "string"
                              }
                            },
                            "additionalProperties": false
                          },
                          "locality": {
                            "title": "city",
                            "description": "The name of the city or town.",
                            "type": "string"
                          },
                          "postalCode": {
                            "title": "Postal Code",
                            "description": "The mailing postal code.",
                            "oneOf": [
                              {
                                "type": "string",
                                "pattern": "^\\d{5}\\-\\d{3}$"
                              },
                              {
                                "type": "string",
                                "maxLength": 0
                              }
                            ]
                          }
                        },
                        "additionalProperties": false,
                        "required": [
                          "code"
                        ]
                      },
                      {
                        "title": "Canada",
                        "description": "",
                        "type": "object",
                        "properties": {
                          "code": {
                            "title": "Code",
                            "description": "The ISO 3166-1 alpha-3 country code.",
                            "enum": [
                              "CAN"
                            ],
                            "type": "string"
                          },
                          "title": {
                            "title": "Country",
                            "description": "The name of the country, as used in everyday speech.",
                            "type": "string"
                          },
                          "postalTitle": {
                            "title": "Postal Country",
                            "description": "The name of the country when mail is being addressed from an international sender.",
                            "oneOf": [
                              {
                                "type": "string",
                                "enum": [
                                  "CANADA"
                                ]
                              },
                              {
                                "type": "string",
                                "maxLength": 0
                              }
                            ]
                          },
                          "region": {
                            "title": "Region",
                            "description": "A region within the country",
                            "type": "object",
                            "properties": {
                              "code": {
                                "title": "Code",
                                "description": "The code of a region within the country",
                                "oneOf": [
                                  {
                                    "type": "string",
                                    "enum": [
                                      "AB",
                                      "BC",
                                      "MB",
                                      "NB",
                                      "NL",
                                      "NS",
                                      "NT",
                                      "NU",
                                      "ON",
                                      "PE",
                                      "QC",
                                      "SK",
                                      "YT"
                                    ]
                                  },
                                  {
                                    "type": "string",
                                    "maxLength": 0
                                  }
                                ]
                              },
                              "title": {
                                "title": "Title",
                                "description": "The full name of the region",
                                "type": "string"
                              }
                            },
                            "additionalProperties": false
                          },
                          "subRegion": {
                            "title": "Subregion",
                            "description": "A subregion within the country and region",
                            "type": "object",
                            "properties": {
                              "code": {
                                "title": "Code",
                                "description": "The code of a subregion",
                                "type": "string"
                              },
                              "title": {
                                "title": "Title",
                                "description": "The name of a subregion",
                                "type": "string"
                              }
                            },
                            "additionalProperties": false
                          },
                          "locality": {
                            "title": "city",
                            "description": "The name of the city or town.",
                            "type": "string"
                          },
                          "postalCode": {
                            "title": "Postal Code",
                            "description": "The mailing postal code.",
                            "oneOf": [
                              {
                                "type": "string",
                                "pattern": "^[ABCEGHJKLMNPRSTVXYabceghjklmnprstvxy]{1}\\d{1}[A-Za-z]{1}\\d{1}[A-Za-z]{1}\\d{1}$"
                              },
                              {
                                "type": "string",
                                "maxLength": 0
                              }
                            ]
                          }
                        },
                        "additionalProperties": false,
                        "required": [
                          "code"
                        ]
                      },
                      {
                        "title": "Mexico",
                        "description": "",
                        "type": "object",
                        "properties": {
                          "code": {
                            "title": "Code",
                            "description": "The ISO 3166-1 alpha-3 country code.",
                            "enum": [
                              "MEX"
                            ],
                            "type": "string"
                          },
                          "title": {
                            "title": "Country",
                            "description": "The name of the country, as used in everyday speech.",
                            "type": "string"
                          },
                          "postalTitle": {
                            "title": "Postal Country",
                            "description": "The name of the country when mail is being addressed from an international sender.",
                            "oneOf": [
                              {
                                "type": "string",
                                "enum": [
                                  "MEXICO"
                                ]
                              },
                              {
                                "type": "string",
                                "maxLength": 0
                              }
                            ]
                          },
                          "region": {
                            "title": "Region",
                            "description": "A region within the country",
                            "type": "object",
                            "properties": {
                              "code": {
                                "title": "Code",
                                "description": "The code of a region within the country",
                                "oneOf": [
                                  {
                                    "type": "string",
                                    "enum": [
                                      "AGS",
                                      "MOR",
                                      "BC",
                                      "NAY",
                                      "BCS",
                                      "NL",
                                      "CAM",
                                      "OAX",
                                      "COAH",
                                      "PUE",
                                      "COL",
                                      "QRO",
                                      "CHIS",
                                      "Q ROO",
                                      "CHIH",
                                      "SLP",
                                      "DF",
                                      "SIN",
                                      "DGO",
                                      "SON",
                                      "GTO",
                                      "TAB",
                                      "GRO",
                                      "TAMPS",
                                      "HGO",
                                      "TLAX",
                                      "JAL",
                                      "VER",
                                      "MEX",
                                      "YUC",
                                      "MICH",
                                      "Zacatecas"
                                    ]
                                  },
                                  {
                                    "type": "string",
                                    "maxLength": 0
                                  }
                                ]
                              },
                              "title": {
                                "title": "Title",
                                "description": "The full name of the region",
                                "type": "string"
                              }
                            },
                            "additionalProperties": false
                          },
                          "subRegion": {
                            "title": "Subregion",
                            "description": "A subregion within the country and region",
                            "type": "object",
                            "properties": {
                              "code": {
                                "title": "Code",
                                "description": "The code of a subregion",
                                "type": "string"
                              },
                              "title": {
                                "title": "Title",
                                "description": "The name of a subregion",
                                "type": "string"
                              }
                            },
                            "additionalProperties": false
                          },
                          "locality": {
                            "title": "city",
                            "description": "The name of the city or town.",
                            "type": "string"
                          },
                          "postalCode": {
                            "title": "Postal Code",
                            "description": "The mailing postal code.",
                            "oneOf": [
                              {
                                "type": "string",
                                "pattern": "^\\A\\d{5,5}\\Z$"
                              },
                              {
                                "type": "string",
                                "maxLength": 0
                              }
                            ]
                          }
                        },
                        "additionalProperties": false,
                        "required": [
                          "code"
                        ]
                      },
                      {
                        "title": "Netherlands",
                        "description": "",
                        "type": "object",
                        "properties": {
                          "code": {
                            "title": "Code",
                            "description": "The ISO 3166-1 alpha-3 country code.",
                            "enum": [
                              "NLD"
                            ],
                            "type": "string"
                          },
                          "title": {
                            "title": "Country",
                            "description": "The name of the country, as used in everyday speech.",
                            "type": "string"
                          },
                          "postalTitle": {
                            "title": "Postal Country",
                            "description": "The name of the country when mail is being addressed from an international sender.",
                            "oneOf": [
                              {
                                "type": "string",
                                "enum": [
                                  "NETHERLANDS"
                                ]
                              },
                              {
                                "type": "string",
                                "maxLength": 0
                              }
                            ]
                          },
                          "region": {
                            "title": "Region",
                            "description": "A region within the country",
                            "type": "object",
                            "properties": {
                              "code": {
                                "title": "Code",
                                "description": "The code of a region within the country",
                                "oneOf": [
                                  {
                                    "type": "string",
                                    "enum": [
                                      "DR",
                                      "FL",
                                      "FR",
                                      "GE",
                                      "GR",
                                      "LI",
                                      "NB",
                                      "NH",
                                      "OV",
                                      "UT",
                                      "ZE",
                                      "ZH"
                                    ]
                                  },
                                  {
                                    "type": "string",
                                    "maxLength": 0
                                  }
                                ]
                              },
                              "title": {
                                "title": "Title",
                                "description": "The full name of the region",
                                "type": "string"
                              }
                            },
                            "additionalProperties": false
                          },
                          "subRegion": {
                            "title": "Subregion",
                            "description": "A subregion within the country and region",
                            "type": "object",
                            "properties": {
                              "code": {
                                "title": "Code",
                                "description": "The code of a subregion",
                                "type": "string"
                              },
                              "title": {
                                "title": "Title",
                                "description": "The name of a subregion",
                                "type": "string"
                              }
                            },
                            "additionalProperties": false
                          },
                          "locality": {
                            "title": "city",
                            "description": "The name of the city or town.",
                            "type": "string"
                          },
                          "postalCode": {
                            "title": "Postal Code",
                            "description": "The mailing postal code.",
                            "oneOf": [
                              {
                                "type": "string",
                                "pattern": "^(NL-)?(\\d{4})\\s*([A-Z]{2})$"
                              },
                              {
                                "type": "string",
                                "maxLength": 0
                              }
                            ]
                          }
                        },
                        "additionalProperties": false,
                        "required": [
                          "code"
                        ]
                      },
                      {
                        "title": "United Kingdom of Great Britain and Northern Ireland",
                        "description": "",
                        "type": "object",
                        "properties": {
                          "code": {
                            "title": "Code",
                            "description": "The ISO 3166-1 alpha-3 country code.",
                            "enum": [
                              "GBR"
                            ],
                            "type": "string"
                          },
                          "title": {
                            "title": "Country",
                            "description": "The name of the country, as used in everyday speech.",
                            "type": "string"
                          },
                          "postalTitle": {
                            "title": "Postal Country",
                            "description": "The name of the country when mail is being addressed from an international sender.",
                            "oneOf": [
                              {
                                "type": "string",
                                "enum": [
                                  "UNITED KINGDOM OF GREAT BRITAIN AND NORTHERN IRELAND"
                                ]
                              },
                              {
                                "type": "string",
                                "maxLength": 0
                              }
                            ]
                          },
                          "region": {
                            "title": "Region",
                            "description": "A region within the country",
                            "type": "object",
                            "properties": {
                              "code": {
                                "title": "Code",
                                "description": "The code of a region within the country",
                                "oneOf": [
                                  {
                                    "type": "string",
                                    "enum": [
                                      "AB",
                                      "AL",
                                      "B",
                                      "BA",
                                      "BB",
                                      "BD",
                                      "BH",
                                      "BL",
                                      "BN",
                                      "BR",
                                      "BS",
                                      "BT",
                                      "CA",
                                      "CB",
                                      "CF",
                                      "CH",
                                      "CM",
                                      "CO",
                                      "CR",
                                      "CT",
                                      "CV",
                                      "CW",
                                      "DA",
                                      "DD",
                                      "DE",
                                      "DG",
                                      "DH",
                                      "DL",
                                      "DN",
                                      "DT",
                                      "DY",
                                      "E",
                                      "EC",
                                      "EH",
                                      "EN",
                                      "EX",
                                      "FK",
                                      "FY",
                                      "G",
                                      "GL",
                                      "GU",
                                      "GY",
                                      "HA",
                                      "HD",
                                      "HG",
                                      "HP",
                                      "HR",
                                      "HS",
                                      "HU",
                                      "HX",
                                      "IG",
                                      "IM",
                                      "IP",
                                      "IV",
                                      "JE",
                                      "KA",
                                      "KT",
                                      "KW",
                                      "KY",
                                      "L",
                                      "LA",
                                      "LD",
                                      "LE",
                                      "LL",
                                      "LN",
                                      "LS",
                                      "LU",
                                      "M",
                                      "ME",
                                      "MK",
                                      "ML",
                                      "N",
                                      "NE",
                                      "NG",
                                      "NN",
                                      "NP",
                                      "NR",
                                      "NW",
                                      "OL",
                                      "OX",
                                      "PA",
                                      "PE",
                                      "PH",
                                      "PL",
                                      "PO",
                                      "PR",
                                      "RG",
                                      "RH",
                                      "RM",
                                      "S",
                                      "SA",
                                      "SE",
                                      "SG",
                                      "SK",
                                      "SL",
                                      "SM",
                                      "SN",
                                      "SO",
                                      "SP",
                                      "SR",
                                      "SS",
                                      "ST",
                                      "SW",
                                      "SY",
                                      "TA",
                                      "TD",
                                      "TF",
                                      "TN",
                                      "TQ",
                                      "TR",
                                      "TS",
                                      "TW",
                                      "UB",
                                      "W",
                                      "WA",
                                      "WC",
                                      "WD",
                                      "WF",
                                      "WN",
                                      "WR",
                                      "WS",
                                      "WV",
                                      "YO",
                                      "ZE"
                                    ]
                                  },
                                  {
                                    "type": "string",
                                    "maxLength": 0
                                  }
                                ]
                              },
                              "title": {
                                "title": "Title",
                                "description": "The full name of the region",
                                "type": "string"
                              }
                            },
                            "additionalProperties": false
                          },
                          "subRegion": {
                            "title": "Subregion",
                            "description": "A subregion within the country and region",
                            "type": "object",
                            "properties": {
                              "code": {
                                "title": "Code",
                                "description": "The code of a subregion",
                                "type": "string"
                              },
                              "title": {
                                "title": "Title",
                                "description": "The name of a subregion",
                                "type": "string"
                              }
                            },
                            "additionalProperties": false
                          },
                          "locality": {
                            "title": "city",
                            "description": "The name of the city or town.",
                            "type": "string"
                          },
                          "postalCode": {
                            "title": "Postal Code",
                            "description": "The mailing postal code.",
                            "oneOf": [
                              {
                                "type": "string",
                                "pattern": "^(GIR 0AA)|((([A-Z-[QVX]][0-9][0-9]?)|(([A-Z-[QVX]][A-Z-[IJZ]][0-9][0-9]?)|(([A-Z-[QVX]][0-9][A-HJKPSTUW])|([A-Z-[QVX]][A-Z-[IJZ]][0-9][ABEHMNPRVWXY])))) [0-9][A-Z-[CIKMOV]]{2})$"
                              },
                              {
                                "type": "string",
                                "maxLength": 0
                              }
                            ]
                          }
                        },
                        "additionalProperties": false,
                        "required": [
                          "code"
                        ]
                      },
                      {
                        "title": "United States of America",
                        "description": "",
                        "type": "object",
                        "properties": {
                          "code": {
                            "title": "Code",
                            "description": "The ISO 3166-1 alpha-3 country code.",
                            "enum": [
                              "USA"
                            ],
                            "type": "string"
                          },
                          "title": {
                            "title": "Country",
                            "description": "The name of the country, as used in everyday speech.",
                            "type": "string"
                          },
                          "postalTitle": {
                            "title": "Postal Country",
                            "description": "The name of the country when mail is being addressed from an international sender.",
                            "oneOf": [
                              {
                                "type": "string",
                                "enum": [
                                  "UNITED STATES OF AMERICA"
                                ]
                              },
                              {
                                "type": "string",
                                "maxLength": 0
                              }
                            ]
                          },
                          "region": {
                            "title": "Region",
                            "description": "A region within the country",
                            "type": "object",
                            "properties": {
                              "code": {
                                "title": "Code",
                                "description": "The code of a region within the country",
                                "oneOf": [
                                  {
                                    "type": "string",
                                    "enum": [
                                      "AL",
                                      "AK",
                                      "AZ",
                                      "AR",
                                      "CA",
                                      "CO",
                                      "CT",
                                      "DE",
                                      "DC",
                                      "FL",
                                      "GA",
                                      "HI",
                                      "ID",
                                      "IL",
                                      "IN",
                                      "IA",
                                      "KS",
                                      "KY",
                                      "LA",
                                      "ME",
                                      "MD",
                                      "MA",
                                      "MI",
                                      "MN",
                                      "MS",
                                      "MO",
                                      "MT",
                                      "NE",
                                      "NV",
                                      "NH",
                                      "NJ",
                                      "NM",
                                      "NY",
                                      "NC",
                                      "ND",
                                      "OH",
                                      "OK",
                                      "OR",
                                      "PA",
                                      "RI",
                                      "SC",
                                      "SD",
                                      "TN",
                                      "TX",
                                      "UT",
                                      "VT",
                                      "VA",
                                      "WA",
                                      "WV",
                                      "WI",
                                      "WY",
                                      "AS",
                                      "GU",
                                      "MP",
                                      "PR",
                                      "UM",
                                      "VI"
                                    ]
                                  },
                                  {
                                    "type": "string",
                                    "maxLength": 0
                                  }
                                ]
                              },
                              "title": {
                                "title": "Title",
                                "description": "The full name of the region",
                                "type": "string"
                              }
                            },
                            "additionalProperties": false
                          },
                          "subRegion": {
                            "title": "Subregion",
                            "description": "A subregion within the country and region",
                            "type": "object",
                            "properties": {
                              "code": {
                                "title": "Code",
                                "description": "The code of a subregion",
                                "type": "string"
                              },
                              "title": {
                                "title": "Title",
                                "description": "The name of a subregion",
                                "type": "string"
                              }
                            },
                            "additionalProperties": false
                          },
                          "locality": {
                            "title": "city",
                            "description": "The name of the city or town.",
                            "type": "string"
                          },
                          "postalCode": {
                            "title": "Postal Code",
                            "description": "The mailing postal code.",
                            "oneOf": [
                              {
                                "type": "string",
                                "pattern": "^(\\d{5}(-\\d{4})?|[A-Z]\\d[A-Z] *\\d[A-Z]\\d)$"
                              },
                              {
                                "type": "string",
                                "maxLength": 0
                              }
                            ]
                          },
                          "deliveryPoint": {
                            "title": "Delivery Point",
                            "description": "A specific set of digits between 00 and 99 assigned to every address. When combined with the ZIP + 4 code, the delivery point provides a unique identifier for every deliverable address served by the US Postal Service.",
                            "oneOf": [
                              {
                                "type": "string",
                                "pattern": "^[0-9][0-9]$"
                              },
                              {
                                "type": "string",
                                "maxLength": 0
                              }
                            ]
                          },
                          "carrierRoute": {
                            "title": "Carrier Route",
                            "description": "A subdivision of a US zipcode.",
                            "oneOf": [
                              {
                                "type": "string",
                                "pattern": "^(C|R|P)[0-9]{3}$"
                              },
                              {
                                "type": "string",
                                "maxLength": 0
                              }
                            ]
                          },
                          "correctionDigit": {
                            "title": "Correction Digit",
                            "description": "A number used to check for errors in a US ZIP code, delivery point, or carrier route.",
                            "oneOf": [
                              {
                                "type": "string",
                                "pattern": "^[0-9]$"
                              },
                              {
                                "type": "string",
                                "maxLength": 0
                              }
                            ]
                          }
                        },
                        "additionalProperties": false,
                        "required": [
                          "code"
                        ]
                      },
                      {
                        "title": "Generic",
                        "description": "",
                        "type": "object",
                        "properties": {
                          "code": {
                            "title": "Code",
                            "description": "The ISO 3166-1 alpha-3 country code.",
                            "enum": [
                              "ABW",
                              "AFG",
                              "AGO",
                              "AIA",
                              "ALA",
                              "ALB",
                              "AND",
                              "ARE",
                              "ARG",
                              "ARM",
                              "ASM",
                              "ATA",
                              "ATF",
                              "ATG",
                              "AUT",
                              "AZE",
                              "BDI",
                              "BEL",
                              "BEN",
                              "BES",
                              "BFA",
                              "BGD",
                              "BGR",
                              "BHR",
                              "BHS",
                              "BIH",
                              "BLM",
                              "BLR",
                              "BLZ",
                              "BMU",
                              "BOL",
                              "BRB",
                              "BRN",
                              "BTN",
                              "BVT",
                              "BWA",
                              "CAF",
                              "CCK",
                              "CHE",
                              "CHL",
                              "CHN",
                              "CIV",
                              "CMR",
                              "COD",
                              "COG",
                              "COK",
                              "COL",
                              "COM",
                              "CPV",
                              "CRI",
                              "CUB",
                              "CUW",
                              "CXR",
                              "CYM",
                              "CYP",
                              "CZE",
                              "DEU",
                              "DJI",
                              "DMA",
                              "DNK",
                              "DOM",
                              "DZA",
                              "ECU",
                              "EGY",
                              "ERI",
                              "ESH",
                              "ESP",
                              "EST",
                              "ETH",
                              "FIN",
                              "FJI",
                              "FLK",
                              "FRA",
                              "FRO",
                              "FSM",
                              "GAB",
                              "GEO",
                              "GGY",
                              "GHA",
                              "GIB",
                              "GIN",
                              "GLP",
                              "GMB",
                              "GNB",
                              "GNQ",
                              "GRC",
                              "GRD",
                              "GRL",
                              "GTM",
                              "GUF",
                              "GUM",
                              "GUY",
                              "HKG",
                              "HMD",
                              "HND",
                              "HRV",
                              "HTI",
                              "HUN",
                              "IDN",
                              "IMN",
                              "IND",
                              "IOT",
                              "IRL",
                              "IRN",
                              "IRQ",
                              "ISL",
                              "ISR",
                              "ITA",
                              "JAM",
                              "JEY",
                              "JOR",
                              "JPN",
                              "KAZ",
                              "KEN",
                              "KGZ",
                              "KHM",
                              "KIR",
                              "KNA",
                              "KOR",
                              "KWT",
                              "LAO",
                              "LBN",
                              "LBR",
                              "LBY",
                              "LCA",
                              "LIE",
                              "LKA",
                              "LSO",
                              "LTU",
                              "LUX",
                              "LVA",
                              "MAC",
                              "MAF",
                              "MAR",
                              "MCO",
                              "MDA",
                              "MDG",
                              "MDV",
                              "MHL",
                              "MKD",
                              "MLI",
                              "MLT",
                              "MMR",
                              "MNE",
                              "MNG",
                              "MNP",
                              "MOZ",
                              "MRT",
                              "MSR",
                              "MTQ",
                              "MUS",
                              "MWI",
                              "MYS",
                              "MYT",
                              "NAM",
                              "NCL",
                              "NER",
                              "NFK",
                              "NGA",
                              "NIC",
                              "NIU",
                              "NOR",
                              "NPL",
                              "NRU",
                              "NZL",
                              "OMN",
                              "PAK",
                              "PAN",
                              "PCN",
                              "PER",
                              "PHL",
                              "PLW",
                              "PNG",
                              "POL",
                              "PRI",
                              "PRK",
                              "PRT",
                              "PRY",
                              "PSE",
                              "PYF",
                              "QAT",
                              "REU",
                              "ROU",
                              "RUS",
                              "RWA",
                              "SAU",
                              "SDN",
                              "SEN",
                              "SGP",
                              "SGS",
                              "SHN",
                              "SJM",
                              "SLB",
                              "SLE",
                              "SLV",
                              "SMR",
                              "SOM",
                              "SPM",
                              "SRB",
                              "SSD",
                              "STP",
                              "SUR",
                              "SVK",
                              "SVN",
                              "SWE",
                              "SWZ",
                              "SXM",
                              "SYC",
                              "SYR",
                              "TCA",
                              "TCD",
                              "TGO",
                              "THA",
                              "TJK",
                              "TKL",
                              "TKM",
                              "TLS",
                              "TON",
                              "TTO",
                              "TUN",
                              "TUR",
                              "TUV",
                              "TWN",
                              "TZA",
                              "UGA",
                              "UKR",
                              "UMI",
                              "URY",
                              "UZB",
                              "VAT",
                              "VCT",
                              "VEN",
                              "VGB",
                              "VIR",
                              "VNM",
                              "VUT",
                              "WLF",
                              "WSM",
                              "YEM",
                              "ZAF",
                              "ZMB",
                              "ZWE"
                            ],
                            "type": "string"
                          },
                          "title": {
                            "title": "Country",
                            "description": "The name of the country, as used in everyday speech.",
                            "type": "string"
                          },
                          "postalTitle": {
                            "title": "Postal Country",
                            "description": "The name of the country when mail is being addressed from an international sender.",
                            "type": "string"
                          },
                          "region": {
                            "title": "Region",
                            "description": "A region within the country",
                            "type": "object",
                            "properties": {
                              "code": {
                                "title": "Code",
                                "description": "The code of a region within the country",
                                "type": "string"
                              },
                              "title": {
                                "title": "Title",
                                "description": "The full name of the region",
                                "type": "string"
                              }
                            },
                            "additionalProperties": false
                          },
                          "subRegion": {
                            "title": "Subregion",
                            "description": "A subregion within the country and region",
                            "type": "object",
                            "properties": {
                              "code": {
                                "title": "Code",
                                "description": "The code of a subregion",
                                "type": "string"
                              },
                              "title": {
                                "title": "Title",
                                "description": "The name of a subregion",
                                "type": "string"
                              }
                            },
                            "additionalProperties": false
                          },
                          "locality": {
                            "title": "city",
                            "description": "The name of the city or town.",
                            "type": "string"
                          },
                          "postalCode": {
                            "title": "Postal Code",
                            "description": "The mailing postal code.",
                            "type": "string"
                          }
                        },
                        "additionalProperties": false,
                        "required": [
                          "code"
                        ]
                      }
                    ]
                  }
                },
                "additionalProperties": false,
                "required": [
                  "country"
                ]
              },
              {
                "type": "object",
                "maxProperties": 0
              }
            ]
          },
          "latitude": {
            "title": "Latitude",
            "description": "The latitude of the geographic area",
            "oneOf": [
              {
                "type": "number",
                "minimum": -90,
                "maximum": 90
              },
              {
                "type": "null"
              }
            ]
          },
          "longitude": {
            "title": "Longitude",
            "description": "The longitude of a geographic area",
            "oneOf": [
              {
                "type": "number",
                "minimum": -180,
                "maximum": 180
              },
              {
                "type": "null"
              }
            ]
          },
          "geographicAreas": {
            "title": "Geographic Areas",
            "description": "The geographic areas that this location is included within.",
            "type": "array",
            "items": {
              "title": "Geographic Areas",
              "description": "The geographic areas that this location is included within.",
              "type": "object",
              "properties": {
                "id": {
                  "title": "ID",
                  "description": "The global identifier for Geographic Areas",
                  "type": "string",
                  "format": "guid",
                  "pattern": "^[a-f0-9]{8}(?:-[a-f0-9]{4}){3}-[a-f0-9]{12}$"
                }
              },
              "links": [
                {
                  "rel": "self",
                  "href": "/geographic-areas/{id}",
                  "targetSchema": {
                    "$ref": "geographic-areas.json#"
                  }
                }
              ],
              "additionalProperties": false,
              "required": [
                "id"
              ]
            }
          }
        },
        "additionalProperties": false,
        "required": [
          "id",
          "type",
          "status"
        ]
      }
    },
    "phones": {
      "title": "Phone",
      "description": "The phones and phone-connected devices at which an organization can be contacted.",
      "type": "array",
      "items": {
        "type": "object",
        "properties": {
          "id": {
            "title": "ID",
            "description": "A globally unique identifier of a phone.",
            "type": "string",
            "format": "guid",
            "pattern": "^[a-f0-9]{8}(?:-[a-f0-9]{4}){3}-[a-f0-9]{12}$"
          },
          "type": {
            "title": "Type",
            "description": "A type of phone for an organization.",
            "type": "object",
            "properties": {
              "phoneType": {
                "title": "Type",
                "description": "A type of phone contact for an organization.",
                "enum": [
                  "main",
                  "branch",
                  "region",
                  "support",
                  "billing",
                  "other"
                ],
                "type": "string"
              },
              "detail": {
                "title": "Detail",
                "description": "",
                "oneOf": [
                  {
                    "type": "object",
                    "properties": {
                      "id": {
                        "title": "ID",
                        "description": "The global identifier for Detail",
                        "type": "string",
                        "format": "guid",
                        "pattern": "^[a-f0-9]{8}(?:-[a-f0-9]{4}){3}-[a-f0-9]{12}$"
                      }
                    },
                    "links": [
                      {
                        "rel": "self",
                        "href": "/phone-types/{id}",
                        "targetSchema": {
                          "$ref": "phone-types.json#"
                        }
                      }
                    ],
                    "additionalProperties": false,
                    "required": [
                      "id"
                    ]
                  },
                  {
                    "type": "object",
                    "maxProperties": 0
                  }
                ]
              }
            },
            "additionalProperties": false,
            "required": [
              "phoneType"
            ]
          },
          "status": {
            "title": "Status",
            "description": "The status of the phone.",
            "oneOf": [
              {
                "type": "string",
                "enum": [
                  "active",
                  "inactive"
                ]
              },
              {
                "type": "string",
                "maxLength": 0
              }
            ]
          },
          "preference": {
            "title": "Preferred Phone",
            "description": "Whether a phone is preferred over others of the same type.",
            "oneOf": [
              {
                "type": "string",
                "enum": [
                  "primary"
                ]
              },
              {
                "type": "string",
                "maxLength": 0
              }
            ]
          },
          "countryCallingCode": {
            "title": "Country Calling Code",
            "description": "The country calling code of telephone and/or mobile device when dialing internationally.",
            "oneOf": [
              {
                "type": "string",
                "format": "countryCallingCode",
                "pattern": "^\\+?[1-9][0-9]{0,3}$"
              },
              {
                "type": "string",
                "maxLength": 0
              }
            ]
          },
          "number": {
            "title": "Number",
            "description": "The telephone number of a phone or telephone device.",
            "type": "string"
          },
          "extension": {
            "title": "Extension",
            "description": "The telephone extension number of a phone or telephone device.",
            "type": "string"
          }
        },
        "additionalProperties": false,
        "required": [
          "id",
          "type",
          "number"
        ]
      }
    },
    "emails": {
      "title": "Email",
      "description": "The email addresses at which an organization can be contacted.",
      "type": "array",
      "items": {
        "type": "object",
        "properties": {
          "id": {
            "title": "ID",
            "description": "A globally unique identifier of an email.",
            "type": "string",
            "format": "guid",
            "pattern": "^[a-f0-9]{8}(?:-[a-f0-9]{4}){3}-[a-f0-9]{12}$"
          },
          "type": {
            "title": "Type",
            "description": "A type of email for an organization.",
            "type": "object",
            "properties": {
              "emailType": {
                "title": "Type",
                "description": "A type of email contact for an organization.",
                "enum": [
                  "sales",
                  "support",
                  "general",
                  "billing",
                  "legal",
                  "hr",
                  "media",
                  "other"
                ],
                "type": "string"
              },
              "detail": {
                "title": "Detail",
                "description": "",
                "oneOf": [
                  {
                    "type": "object",
                    "properties": {
                      "id": {
                        "title": "ID",
                        "description": "The global identifier for Detail",
                        "type": "string",
                        "format": "guid",
                        "pattern": "^[a-f0-9]{8}(?:-[a-f0-9]{4}){3}-[a-f0-9]{12}$"
                      }
                    },
                    "links": [
                      {
                        "rel": "self",
                        "href": "/email-types/{id}",
                        "targetSchema": {
                          "$ref": "email-types.json#"
                        }
                      }
                    ],
                    "additionalProperties": false,
                    "required": [
                      "id"
                    ]
                  },
                  {
                    "type": "object",
                    "maxProperties": 0
                  }
                ]
              }
            },
            "additionalProperties": false,
            "required": [
              "emailType"
            ]
          },
          "status": {
            "title": "Status",
            "description": "The status of the email.",
            "oneOf": [
              {
                "type": "string",
                "enum": [
                  "active",
                  "inactive"
                ]
              },
              {
                "type": "string",
                "maxLength": 0
              }
            ]
          },
          "preference": {
            "title": "Preferred Email",
            "description": "Whether an Email is preferred over others of the same type.",
            "oneOf": [
              {
                "type": "string",
                "enum": [
                  "primary"
                ]
              },
              {
                "type": "string",
                "maxLength": 0
              }
            ]
          },
          "address": {
            "title": "Email Address",
            "description": "An email address",
            "type": "string",
            "format": "email",
            "pattern": "^[a-zA-Z0-9.!#$%&'*+/=?^_`{|}~-]+@[a-zA-Z0-9](?:[a-zA-Z0-9-]{0,61}[a-zA-Z0-9])?(?:\\.[a-zA-Z0-9](?:[a-zA-Z0-9-]{0,61}[a-zA-Z0-9])?)*$"
          }
        },
        "additionalProperties": false,
        "required": [
          "id",
          "type",
          "address"
        ]
      }
    },
    "socialMedia": {
      "title": "Social Media",
      "description": "The social media addresses at which an organization can be contacted.",
      "type": "array",
      "items": {
        "type": "object",
        "properties": {
          "id": {
            "title": "ID",
            "description": "A globally unique identifier of a social media contact.",
            "type": "string",
            "format": "guid",
            "pattern": "^[a-f0-9]{8}(?:-[a-f0-9]{4}){3}-[a-f0-9]{12}$"
          },
          "type": {
            "title": "Social Media",
            "description": "A type of social media account.",
            "type": "object",
            "properties": {
              "socialMediaType": {
                "title": "Type",
                "description": "A type of social media account.",
                "enum": [
                  "windowsLive",
                  "yahoo",
                  "skype",
                  "qq",
                  "hangouts",
                  "icq",
                  "jabber",
                  "facebook",
                  "twitter",
                  "instagram",
                  "tumblr",
                  "pinterest",
                  "linkedin",
                  "foursquare",
                  "youtube",
                  "blog",
                  "website",
                  "other"
                ],
                "type": "string"
              },
              "detail": {
                "title": "Detail",
                "description": "",
                "oneOf": [
                  {
                    "type": "object",
                    "properties": {
                      "id": {
                        "title": "ID",
                        "description": "The global identifier for Detail",
                        "type": "string",
                        "format": "guid",
                        "pattern": "^[a-f0-9]{8}(?:-[a-f0-9]{4}){3}-[a-f0-9]{12}$"
                      }
                    },
                    "links": [
                      {
                        "rel": "self",
                        "href": "/social-media-types/{id}",
                        "targetSchema": {
                          "$ref": "social-media-types.json#"
                        }
                      }
                    ],
                    "additionalProperties": false,
                    "required": [
                      "id"
                    ]
                  },
                  {
                    "type": "object",
                    "maxProperties": 0
                  }
                ]
              }
            },
            "additionalProperties": false,
            "required": [
              "socialMediaType"
            ]
          },
          "status": {
            "title": "Status",
            "description": "The status of a social media contact information.",
            "oneOf": [
              {
                "type": "string",
                "enum": [
                  "active",
                  "inactive"
                ]
              },
              {
                "type": "string",
                "maxLength": 0
              }
            ]
          },
          "preference": {
            "title": "Preferred Social Media",
            "description": "Whether a Social Media contact that is preferred over others of the same type.",
            "oneOf": [
              {
                "type": "string",
                "enum": [
                  "primary"
                ]
              },
              {
                "type": "string",
                "maxLength": 0
              }
            ]
          },
          "address": {
            "title": "Address",
            "description": "The username, handle or other address of the social media account.",
            "type": "string"
          }
        },
        "additionalProperties": false,
        "required": [
          "id",
          "type",
          "address"
        ]
      }
    }
  },
  "required": [
    "id"
  ],
  "additionalProperties": false,
  "links": [
    {
      "rel": "filter",
      "encType": "application/x-www-form-urlencoded",
      "method": "GET",
      "href": "/organizations/",
      "schema": {
        "type": "object",
        "properties": {
          "title": {
            "type": "string"
          },
          "type": {
            "type": "string",
            "enum": [
              "college",
              "department",
              "division",
              "faculty",
              "school",
              "university",
              "business"
            ]
          },
          "contactInformationFilter.code": {
            "type": "string"
          }
        }
      }
    },
    {
      "rel": "sites",
      "title": "Sites",
      "description": "The sites in this organization.",
      "href": "/sites?organization.id={id}",
      "targetSchema": {
        "$ref": "sites.json#"
      }
    }
  ]
}