{
  "title": "Phone Type",
  "description": "A type of phone.",
  "type": "object",
  "properties": {
    "metadata": {
      "title": "Metadata",
      "description": "Metadata about the JSON payload",
      "type": "object",
      "properties": {
        "createdBy": {
          "title": "Created By",
          "description": "The name of the originator (user or system) of the data. This is informational only, do not use in business logic!",
          "type": "string"
        },
        "createdOn": {
          "title": "Created On",
          "description": "The date and time when the entity instance was created",
          "oneOf": [
            {
              "type": "string",
              "format": "date-time",
              "pattern": "^(-?(?:[1-9][0-9]*)?[0-9]{4})-(1[0-2]|0[1-9])-(3[0-1]|0[1-9]|[1-2][0-9])T(2[0-3]|[0-1][0-9]):([0-5][0-9]):([0-5][0-9])(\\.[0-9]+)?(Z|[+-](?:2[0-3]|[0-1][0-9]):[0-5][0-9])?$"
            },
            {
              "type": "string",
              "maxLength": 0
            }
          ]
        },
        "modifiedBy": {
          "title": "Modified By",
          "description": "The name of the modifier (user or system) of the data. This is informational only, do not use in business logic!",
          "type": "string"
        },
        "modifiedOn": {
          "title": "Modified On",
          "description": "The date and time when the entity instance was last modified",
          "oneOf": [
            {
              "type": "string",
              "format": "date-time",
              "pattern": "^(-?(?:[1-9][0-9]*)?[0-9]{4})-(1[0-2]|0[1-9])-(3[0-1]|0[1-9]|[1-2][0-9])T(2[0-3]|[0-1][0-9]):([0-5][0-9]):([0-5][0-9])(\\.[0-9]+)?(Z|[+-](?:2[0-3]|[0-1][0-9]):[0-5][0-9])?$"
            },
            {
              "type": "string",
              "maxLength": 0
            }
          ]
        }
      },
      "additionalProperties": false
    },
    "id": {
      "title": "ID",
      "description": "A globally unique identifier of a type of phone.",
      "type": "string",
      "format": "guid",
      "pattern": "^[a-f0-9]{8}(?:-[a-f0-9]{4}){3}-[a-f0-9]{12}$"
    },
    "code": {
      "title": "Code",
      "description": "The code that identifies a phone type.",
      "type": "string"
    },
    "title": {
      "title": "Title",
      "description": "The full name of a type of phone.",
      "type": "string",
      "minLength": 1
    },
    "description": {
      "title": "Description",
      "description": "The full description of a type of phone.",
      "type": "string"
    },
    "type": {
      "title": "Type",
      "description": "",
      "oneOf": [
        {
          "title": "Type",
          "description": "A type of phone for a person.",
          "type": "object",
          "properties": {
            "person": {
              "title": "Person",
              "description": "A human being or other independent agent.",
              "type": "object",
              "properties": {
                "phoneType": {
                  "title": "Type",
                  "description": "A type of phone contact for a person.",
                  "enum": [
                    "mobile",
                    "home",
                    "school",
                    "vacation",
                    "business",
                    "fax",
                    "pager",
                    "tdd",
                    "parent",
                    "family",
                    "other"
                  ],
                  "type": "string"
                }
              },
              "additionalProperties": false,
              "required": [
                "phoneType"
              ]
            }
          },
          "additionalProperties": false,
          "required": [
            "person"
          ]
        },
        {
          "title": "Type",
          "description": "A type of phone for an organization.",
          "type": "object",
          "properties": {
            "organization": {
              "title": "Organization",
              "description": "Represents a collection of people organized together into a community or other social, commercial or political structure for the purposes of education. The group has some common purpose or reason for existence which goes beyond the set of people belonging to it and can act as an Agent. Organizations are often decomposable into hierarchical structures. In the higher education context, it represents an Institution, School, College, Center, Division, and any other organizational unit that can act as an Agent.",
              "type": "object",
              "properties": {
                "phoneType": {
                  "title": "Type",
                  "description": "A type of phone contact for an organization.",
                  "enum": [
                    "main",
                    "branch",
                    "region",
                    "support",
                    "billing",
                    "matchingGifts",
                    "other"
                  ],
                  "type": "string"
                }
              },
              "additionalProperties": false,
              "required": [
                "phoneType"
              ]
            }
          },
          "additionalProperties": false,
          "required": [
            "organization"
          ]
        }
      ]
    }
  },
  "required": [
    "id",
    "title",
    "type"
  ],
  "additionalProperties": false
}