{
  "title": "Prospect",
  "description": "Donation prospects",
  "type": "object",
  "properties": {
    "metadata": {
      "title": "Metadata",
      "description": "Metadata about the JSON payload",
      "type": "object",
      "properties": {
        "createdBy": {
          "title": "Created By",
          "description": "The name of the originator (user or system) of the data. This is informational only, do not use in business logic!",
          "type": "string"
        },
        "createdOn": {
          "title": "Created On",
          "description": "The date and time when the entity instance was created",
          "oneOf": [
            {
              "type": "string",
              "format": "date-time",
              "pattern": "^(-?(?:[1-9][0-9]*)?[0-9]{4})-(1[0-2]|0[1-9])-(3[0-1]|0[1-9]|[1-2][0-9])T(2[0-3]|[0-1][0-9]):([0-5][0-9]):([0-5][0-9])(\\.[0-9]+)?(Z|[+-](?:2[0-3]|[0-1][0-9]):[0-5][0-9])?$"
            },
            {
              "type": "string",
              "maxLength": 0
            }
          ]
        },
        "modifiedBy": {
          "title": "Modified By",
          "description": "The name of the modifier (user or system) of the data. This is informational only, do not use in business logic!",
          "type": "string"
        },
        "modifiedOn": {
          "title": "Modified On",
          "description": "The date and time when the entity instance was last modified",
          "oneOf": [
            {
              "type": "string",
              "format": "date-time",
              "pattern": "^(-?(?:[1-9][0-9]*)?[0-9]{4})-(1[0-2]|0[1-9])-(3[0-1]|0[1-9]|[1-2][0-9])T(2[0-3]|[0-1][0-9]):([0-5][0-9]):([0-5][0-9])(\\.[0-9]+)?(Z|[+-](?:2[0-3]|[0-1][0-9]):[0-5][0-9])?$"
            },
            {
              "type": "string",
              "maxLength": 0
            }
          ]
        }
      },
      "additionalProperties": false
    },
    "id": {
      "title": "ID",
      "description": "A global identifier of the prospect",
      "type": "string",
      "format": "guid",
      "pattern": "^[a-f0-9]{8}(?:-[a-f0-9]{4}){3}-[a-f0-9]{12}$"
    },
    "title": {
      "title": "Title",
      "description": "The full name of the prospect",
      "type": "string",
      "minLength": 1
    },
    "description": {
      "title": "Description",
      "description": "The full description of the prospect",
      "type": "string"
    },
    "prospects": {
      "title": "Donation Prospects",
      "description": "Prospects identified for donations",
      "oneOf": [
        {
          "type": "object",
          "properties": {
            "persons": {
              "title": "Person",
              "description": "A person identified as a donation prospect",
              "type": "array",
              "items": {
                "title": "Person",
                "description": "A person identified as a donation prospect",
                "type": "object",
                "properties": {
                  "id": {
                    "title": "ID",
                    "description": "The global identifier for Person",
                    "type": "string",
                    "format": "guid",
                    "pattern": "^[a-f0-9]{8}(?:-[a-f0-9]{4}){3}-[a-f0-9]{12}$"
                  }
                },
                "links": [
                  {
                    "rel": "self",
                    "href": "/persons/{id}",
                    "targetSchema": {
                      "$ref": "persons.json#"
                    }
                  }
                ],
                "additionalProperties": false,
                "required": [
                  "id"
                ]
              }
            },
            "organizations": {
              "title": "Organization",
              "description": "An organization identified as a donation prospect",
              "type": "array",
              "items": {
                "title": "Organization",
                "description": "An organization identified as a donation prospect",
                "type": "object",
                "properties": {
                  "id": {
                    "title": "ID",
                    "description": "The global identifier for Organization",
                    "type": "string",
                    "format": "guid",
                    "pattern": "^[a-f0-9]{8}(?:-[a-f0-9]{4}){3}-[a-f0-9]{12}$"
                  }
                },
                "links": [
                  {
                    "rel": "self",
                    "href": "/organizations/{id}",
                    "targetSchema": {
                      "$ref": "organizations.json#"
                    }
                  }
                ],
                "additionalProperties": false,
                "required": [
                  "id"
                ]
              }
            }
          },
          "additionalProperties": false,
          "required": [
            "persons",
            "organizations"
          ]
        },
        {
          "type": "object",
          "maxProperties": 0
        }
      ]
    }
  },
  "required": [
    "id",
    "title"
  ],
  "additionalProperties": false
}