{
  "title": "Race",
  "description": "The categorization scheme of humans based on such genetic markers as blood groups, distinct culture or on other physical characteristics.",
  "type": "object",
  "properties": {
    "metadata": {
      "title": "Metadata",
      "description": "Metadata about the JSON payload",
      "type": "object",
      "properties": {
        "createdBy": {
          "title": "Created By",
          "description": "The name of the originator (user or system) of the data. This is informational only, do not use in business logic!",
          "type": "string"
        },
        "createdOn": {
          "title": "Created On",
          "description": "The date and time when the entity instance was created",
          "oneOf": [
            {
              "type": "string",
              "format": "date-time",
              "pattern": "^(-?(?:[1-9][0-9]*)?[0-9]{4})-(1[0-2]|0[1-9])-(3[0-1]|0[1-9]|[1-2][0-9])T(2[0-3]|[0-1][0-9]):([0-5][0-9]):([0-5][0-9])(\\.[0-9]+)?(Z|[+-](?:2[0-3]|[0-1][0-9]):[0-5][0-9])?$"
            },
            {
              "type": "string",
              "maxLength": 0
            }
          ]
        },
        "modifiedBy": {
          "title": "Modified By",
          "description": "The name of the modifier (user or system) of the data. This is informational only, do not use in business logic!",
          "type": "string"
        },
        "modifiedOn": {
          "title": "Modified On",
          "description": "The date and time when the entity instance was last modified",
          "oneOf": [
            {
              "type": "string",
              "format": "date-time",
              "pattern": "^(-?(?:[1-9][0-9]*)?[0-9]{4})-(1[0-2]|0[1-9])-(3[0-1]|0[1-9]|[1-2][0-9])T(2[0-3]|[0-1][0-9]):([0-5][0-9]):([0-5][0-9])(\\.[0-9]+)?(Z|[+-](?:2[0-3]|[0-1][0-9]):[0-5][0-9])?$"
            },
            {
              "type": "string",
              "maxLength": 0
            }
          ]
        }
      },
      "additionalProperties": false
    },
    "id": {
      "title": "ID",
      "description": "The global identifier of a race to be used in all external references to a race.",
      "type": "string",
      "format": "guid",
      "pattern": "^[a-f0-9]{8}(?:-[a-f0-9]{4}){3}-[a-f0-9]{12}$"
    },
    "code": {
      "title": "Code",
      "description": "Human readable code that identifies a racial category.",
      "type": "string"
    },
    "title": {
      "title": "Title",
      "description": "The full name of a racial category.",
      "type": "string",
      "minLength": 1
    },
    "description": {
      "title": "Description",
      "description": "The description of a racial category.",
      "type": "string"
    },
    "racialCategory": {
      "title": "Racial Category",
      "description": "The name of a higher-level racial grouping of which this category is a member.",
      "enum": [
        "africanAmerican",
        "alaskaNative",
        "americanIndian",
        "asian",
        "black",
        "nativeHawaiian",
        "otherPacificIslander",
        "white"
      ],
      "type": "string"
    }
  },
  "required": [
    "id",
    "title",
    "racialCategory"
  ],
  "additionalProperties": false
}