{
  "title": "Room",
  "description": "A room within a building, on a floor",
  "type": "object",
  "properties": {
    "metadata": {
      "title": "Metadata",
      "description": "Metadata about the JSON payload",
      "type": "object",
      "properties": {
        "createdBy": {
          "title": "Created By",
          "description": "The name of the originator (user or system) of the data. This is informational only, do not use in business logic!",
          "type": "string"
        },
        "createdOn": {
          "title": "Created On",
          "description": "The date and time when the entity instance was created",
          "oneOf": [
            {
              "type": "string",
              "format": "date-time",
              "pattern": "^(-?(?:[1-9][0-9]*)?[0-9]{4})-(1[0-2]|0[1-9])-(3[0-1]|0[1-9]|[1-2][0-9])T(2[0-3]|[0-1][0-9]):([0-5][0-9]):([0-5][0-9])(\\.[0-9]+)?(Z|[+-](?:2[0-3]|[0-1][0-9]):[0-5][0-9])?$"
            },
            {
              "type": "string",
              "maxLength": 0
            }
          ]
        },
        "modifiedBy": {
          "title": "Modified By",
          "description": "The name of the modifier (user or system) of the data. This is informational only, do not use in business logic!",
          "type": "string"
        },
        "modifiedOn": {
          "title": "Modified On",
          "description": "The date and time when the entity instance was last modified",
          "oneOf": [
            {
              "type": "string",
              "format": "date-time",
              "pattern": "^(-?(?:[1-9][0-9]*)?[0-9]{4})-(1[0-2]|0[1-9])-(3[0-1]|0[1-9]|[1-2][0-9])T(2[0-3]|[0-1][0-9]):([0-5][0-9]):([0-5][0-9])(\\.[0-9]+)?(Z|[+-](?:2[0-3]|[0-1][0-9]):[0-5][0-9])?$"
            },
            {
              "type": "string",
              "maxLength": 0
            }
          ]
        }
      },
      "additionalProperties": false
    },
    "id": {
      "title": "ID",
      "description": "A global identifier of a room to be used in all external references to the room.",
      "type": "string",
      "format": "guid",
      "pattern": "^[a-f0-9]{8}(?:-[a-f0-9]{4}){3}-[a-f0-9]{12}$"
    },
    "title": {
      "title": "Title",
      "description": "The full name of a room.",
      "type": "string"
    },
    "description": {
      "title": "Description",
      "description": "A description of a room.",
      "type": "string"
    },
    "number": {
      "title": "Number",
      "description": "A numbering scheme to distinguish different buildings, floors, and rooms located in the same site.  Typically this is a string.",
      "type": "string"
    },
    "floor": {
      "title": "Floor",
      "description": "The name of the floor where a room is located.",
      "type": "string"
    },
    "roomTypes": {
      "title": "Room Types",
      "description": "The type or style of a of room's layout, for example, \"Classroom\" style, \"Lecture Hall\" style, etc.  A room may support multiple types of layouts.",
      "type": "array",
      "items": {
        "type": "object",
        "properties": {
          "type": {
            "title": "Room Type",
            "description": "The type or style of a of room's layout, for example, \"Classroom\" style, \"Lecture Hall\" style, etc.",
            "enum": [
              "residencehallroom",
              "residentialsingleroom",
              "residentialdoubleroom",
              "residentialtripleroom",
              "residentialsuiteroom",
              "apartment",
              "house",
              "classroom",
              "lecturehall",
              "seminarroom",
              "conferenceroom",
              "sciencelaboratory",
              "computerlaboratory",
              "mechanicslab",
              "audiovisuallab",
              "artstudio",
              "musicroom",
              "performingartsstudio",
              "ballroom",
              "office",
              "studyfacility",
              "clinic",
              "animalquarters",
              "greenhouse",
              "specialusefacility",
              "generalusefacility",
              "foodfacility",
              "daycare",
              "lounge",
              "merchandisingroom",
              "supportfacility",
              "healthcarefacility",
              "atrium",
              "amphitheater",
              "auditorium",
              "booth",
              "other"
            ],
            "type": "string"
          },
          "detail": {
            "title": "Detail",
            "description": "",
            "oneOf": [
              {
                "type": "object",
                "properties": {
                  "id": {
                    "title": "ID",
                    "description": "The global identifier for Detail",
                    "type": "string",
                    "format": "guid",
                    "pattern": "^[a-f0-9]{8}(?:-[a-f0-9]{4}){3}-[a-f0-9]{12}$"
                  }
                },
                "links": [
                  {
                    "rel": "self",
                    "href": "/room-types/{id}",
                    "targetSchema": {
                      "$ref": "room-types.json#"
                    }
                  }
                ],
                "additionalProperties": false,
                "required": [
                  "id"
                ]
              },
              {
                "type": "object",
                "maxProperties": 0
              }
            ]
          }
        },
        "additionalProperties": false,
        "required": [
          "type"
        ]
      }
    },
    "occupancies": {
      "title": "Occupancy",
      "description": "The type of room layout, for example, \"Seminar\" style, \"Banquet\" style, etc. with the maximum capacity",
      "type": "array",
      "items": {
        "type": "object",
        "properties": {
          "type": {
            "title": "Room Layout",
            "description": "The type of room layout, for example, \"Seminar\" style, \"Banquet\" style, etc.",
            "enum": [
              "banquet",
              "conference",
              "sportsevent",
              "graduationceremony",
              "seminar",
              "boardmeeting",
              "performance",
              "convention",
              "convocation",
              "pressmeet",
              "workshops",
              "exam"
            ],
            "type": "string"
          },
          "maxOccupancy": {
            "title": "Maximum Occupancy",
            "description": "The maximum number of persons who may occupy a room arranged in a given layout.",
            "type": "number"
          }
        },
        "additionalProperties": false,
        "required": [
          "type",
          "maxOccupancy"
        ]
      }
    },
    "site": {
      "title": "Site",
      "description": "The institution's site",
      "oneOf": [
        {
          "type": "object",
          "properties": {
            "id": {
              "title": "ID",
              "description": "The global identifier of the institution's site",
              "type": "string",
              "format": "guid",
              "pattern": "^[a-f0-9]{8}(?:-[a-f0-9]{4}){3}-[a-f0-9]{12}$"
            }
          },
          "additionalProperties": false,
          "required": [
            "id"
          ]
        },
        {
          "type": "object",
          "maxProperties": 0
        }
      ]
    },
    "building": {
      "title": "Building",
      "description": "A physical structure, usually containing rooms, which is located at a specified physical location.",
      "type": "object",
      "properties": {
        "id": {
          "title": "ID",
          "description": "The global identifier for Building",
          "type": "string",
          "format": "guid",
          "pattern": "^[a-f0-9]{8}(?:-[a-f0-9]{4}){3}-[a-f0-9]{12}$"
        }
      },
      "links": [
        {
          "rel": "self",
          "href": "/buildings/{id}",
          "targetSchema": {
            "$ref": "buildings.json#"
          }
        }
      ],
      "additionalProperties": false,
      "required": [
        "id"
      ]
    }
  },
  "required": [
    "id",
    "building"
  ],
  "additionalProperties": false
}