{
  "title": "Registration Status",
  "description": "A person's status with regard to registering for an activity.",
  "type": "object",
  "properties": {
    "metadata": {
      "title": "Metadata",
      "description": "Metadata about the JSON payload",
      "type": "object",
      "properties": {
        "createdBy": {
          "title": "Created By",
          "description": "The name of the originator (user or system) of the data. This is informational only, do not use in business logic!",
          "type": "string"
        },
        "createdOn": {
          "title": "Created On",
          "description": "The date and time when the entity instance was created",
          "oneOf": [
            {
              "type": "string",
              "format": "date-time",
              "pattern": "^(-?(?:[1-9][0-9]*)?[0-9]{4})-(1[0-2]|0[1-9])-(3[0-1]|0[1-9]|[1-2][0-9])T(2[0-3]|[0-1][0-9]):([0-5][0-9]):([0-5][0-9])(\\.[0-9]+)?(Z|[+-](?:2[0-3]|[0-1][0-9]):[0-5][0-9])?$"
            },
            {
              "type": "string",
              "maxLength": 0
            }
          ]
        },
        "modifiedBy": {
          "title": "Modified By",
          "description": "The name of the modifier (user or system) of the data. This is informational only, do not use in business logic!",
          "type": "string"
        },
        "modifiedOn": {
          "title": "Modified On",
          "description": "The date and time when the entity instance was last modified",
          "oneOf": [
            {
              "type": "string",
              "format": "date-time",
              "pattern": "^(-?(?:[1-9][0-9]*)?[0-9]{4})-(1[0-2]|0[1-9])-(3[0-1]|0[1-9]|[1-2][0-9])T(2[0-3]|[0-1][0-9]):([0-5][0-9]):([0-5][0-9])(\\.[0-9]+)?(Z|[+-](?:2[0-3]|[0-1][0-9]):[0-5][0-9])?$"
            },
            {
              "type": "string",
              "maxLength": 0
            }
          ]
        }
      },
      "additionalProperties": false
    },
    "id": {
      "title": "ID",
      "description": "A global identifier of an ethnicity.",
      "type": "string",
      "format": "guid",
      "pattern": "^[a-f0-9]{8}(?:-[a-f0-9]{4}){3}-[a-f0-9]{12}$"
    },
    "code": {
      "title": "Code",
      "description": "The code for a status. This is generally unique within all registration statuses.",
      "type": "string"
    },
    "title": {
      "title": "Title",
      "description": "The full name of a status.",
      "type": "string",
      "minLength": 1
    },
    "description": {
      "title": "Description",
      "description": "A description of a status.",
      "type": "string"
    },
    "status": {
      "title": "Status",
      "description": "",
      "oneOf": [
        {
          "title": "Not registered",
          "description": "A person is not registered in the section.",
          "type": "object",
          "properties": {
            "registrationStatus": {
              "title": "Registration Status",
              "description": "The status of this person's registration in the section",
              "enum": [
                "notRegistered"
              ],
              "type": "string"
            },
            "sectionRegistrationStatusReason": {
              "title": "Reason",
              "description": "Status reason for non-registration",
              "enum": [
                "pending",
                "dropped",
                "withdrawn",
                "canceled"
              ],
              "type": "string"
            }
          },
          "additionalProperties": false,
          "required": [
            "registrationStatus",
            "sectionRegistrationStatusReason"
          ]
        },
        {
          "title": "Registered",
          "description": "A person is registered in the section.",
          "type": "object",
          "properties": {
            "registrationStatus": {
              "title": "Registration Status",
              "description": "The status of this person's registration in the section.",
              "enum": [
                "registered"
              ],
              "type": "string"
            },
            "sectionRegistrationStatusReason": {
              "title": "Registered",
              "description": "A person was registered.",
              "enum": [
                "registered"
              ],
              "type": "string"
            }
          },
          "additionalProperties": false,
          "required": [
            "registrationStatus",
            "sectionRegistrationStatusReason"
          ]
        }
      ]
    }
  },
  "required": [
    "id",
    "title",
    "status"
  ],
  "additionalProperties": false
}