{
  "title": "Site",
  "description": "A physical location within the organization.",
  "type": "object",
  "properties": {
    "metadata": {
      "title": "Metadata",
      "description": "Metadata about the JSON payload",
      "type": "object",
      "properties": {
        "createdBy": {
          "title": "Created By",
          "description": "The name of the originator (user or system) of the data. This is informational only, do not use in business logic!",
          "type": "string"
        },
        "createdOn": {
          "title": "Created On",
          "description": "The date and time when the entity instance was created",
          "oneOf": [
            {
              "type": "string",
              "format": "date-time",
              "pattern": "^(-?(?:[1-9][0-9]*)?[0-9]{4})-(1[0-2]|0[1-9])-(3[0-1]|0[1-9]|[1-2][0-9])T(2[0-3]|[0-1][0-9]):([0-5][0-9]):([0-5][0-9])(\\.[0-9]+)?(Z|[+-](?:2[0-3]|[0-1][0-9]):[0-5][0-9])?$"
            },
            {
              "type": "string",
              "maxLength": 0
            }
          ]
        },
        "modifiedBy": {
          "title": "Modified By",
          "description": "The name of the modifier (user or system) of the data. This is informational only, do not use in business logic!",
          "type": "string"
        },
        "modifiedOn": {
          "title": "Modified On",
          "description": "The date and time when the entity instance was last modified",
          "oneOf": [
            {
              "type": "string",
              "format": "date-time",
              "pattern": "^(-?(?:[1-9][0-9]*)?[0-9]{4})-(1[0-2]|0[1-9])-(3[0-1]|0[1-9]|[1-2][0-9])T(2[0-3]|[0-1][0-9]):([0-5][0-9]):([0-5][0-9])(\\.[0-9]+)?(Z|[+-](?:2[0-3]|[0-1][0-9]):[0-5][0-9])?$"
            },
            {
              "type": "string",
              "maxLength": 0
            }
          ]
        }
      },
      "additionalProperties": false
    },
    "id": {
      "title": "ID",
      "description": "A globally unique identifier",
      "type": "string",
      "format": "guid",
      "pattern": "^[a-f0-9]{8}(?:-[a-f0-9]{4}){3}-[a-f0-9]{12}$"
    },
    "code": {
      "title": "Code",
      "description": "The code that identifies the site.",
      "type": "string"
    },
    "title": {
      "title": "Title",
      "description": "The full name of the site.",
      "type": "string"
    },
    "description": {
      "title": "Description",
      "description": "A description of the site.",
      "type": "string"
    },
    "organization": {
      "title": "Organization",
      "description": "Represents a collection of people organized together into a community or other social, commercial or political structure for the purposes of education. The group has some common purpose or reason for existence which goes beyond the set of people belonging to it and can act as an Agent. Organizations are often decomposable into hierarchical structures. In the higher education context, it represents an Institution, School, College, Center, Division, and any other organizational unit that can act as an Agent.",
      "type": "object",
      "properties": {
        "id": {
          "title": "ID",
          "description": "The global identifier for Organization",
          "type": "string",
          "format": "guid",
          "pattern": "^[a-f0-9]{8}(?:-[a-f0-9]{4}){3}-[a-f0-9]{12}$"
        }
      },
      "links": [
        {
          "rel": "self",
          "href": "/organizations/{id}",
          "targetSchema": {
            "$ref": "organizations.json#"
          }
        }
      ],
      "additionalProperties": false,
      "required": [
        "id"
      ]
    }
  },
  "required": [
    "id",
    "organization"
  ],
  "additionalProperties": false,
  "links": [
    {
      "rel": "buildings",
      "title": "Buildings",
      "description": "The buildings in this site.",
      "href": "/buildings?site.id={id}",
      "targetSchema": {
        "$ref": "buildings.json#"
      }
    }
  ]
}