{
  "title": "Social Media Type",
  "description": "Types of social media accounts.",
  "type": "object",
  "properties": {
    "metadata": {
      "title": "Metadata",
      "description": "Metadata about the JSON payload",
      "type": "object",
      "properties": {
        "createdBy": {
          "title": "Created By",
          "description": "The name of the originator (user or system) of the data. This is informational only, do not use in business logic!",
          "type": "string"
        },
        "createdOn": {
          "title": "Created On",
          "description": "The date and time when the entity instance was created",
          "oneOf": [
            {
              "type": "string",
              "format": "date-time",
              "pattern": "^(-?(?:[1-9][0-9]*)?[0-9]{4})-(1[0-2]|0[1-9])-(3[0-1]|0[1-9]|[1-2][0-9])T(2[0-3]|[0-1][0-9]):([0-5][0-9]):([0-5][0-9])(\\.[0-9]+)?(Z|[+-](?:2[0-3]|[0-1][0-9]):[0-5][0-9])?$"
            },
            {
              "type": "string",
              "maxLength": 0
            }
          ]
        },
        "modifiedBy": {
          "title": "Modified By",
          "description": "The name of the modifier (user or system) of the data. This is informational only, do not use in business logic!",
          "type": "string"
        },
        "modifiedOn": {
          "title": "Modified On",
          "description": "The date and time when the entity instance was last modified",
          "oneOf": [
            {
              "type": "string",
              "format": "date-time",
              "pattern": "^(-?(?:[1-9][0-9]*)?[0-9]{4})-(1[0-2]|0[1-9])-(3[0-1]|0[1-9]|[1-2][0-9])T(2[0-3]|[0-1][0-9]):([0-5][0-9]):([0-5][0-9])(\\.[0-9]+)?(Z|[+-](?:2[0-3]|[0-1][0-9]):[0-5][0-9])?$"
            },
            {
              "type": "string",
              "maxLength": 0
            }
          ]
        }
      },
      "additionalProperties": false
    },
    "id": {
      "title": "ID",
      "description": "A globally unique identifier of social media account types.",
      "type": "string",
      "format": "guid",
      "pattern": "^[a-f0-9]{8}(?:-[a-f0-9]{4}){3}-[a-f0-9]{12}$"
    },
    "title": {
      "title": "Title",
      "description": "The full name of a Social Media type",
      "type": "string",
      "minLength": 1
    },
    "description": {
      "title": "Description",
      "description": "The description of a Social Media type",
      "type": "string"
    },
    "type": {
      "title": "Type",
      "description": "A type of social media account.",
      "enum": [
        "windowsLive",
        "yahoo",
        "skype",
        "qq",
        "hangouts",
        "icq",
        "jabber",
        "facebook",
        "twitter",
        "instagram",
        "tumblr",
        "pinterest",
        "linkedin",
        "foursquare",
        "youtube",
        "blog",
        "website",
        "other"
      ],
      "type": "string"
    }
  },
  "required": [
    "id",
    "title",
    "type"
  ],
  "additionalProperties": false
}