{
  "title": "Social Media",
  "description": "Social media contact information",
  "type": "object",
  "properties": {
    "metadata": {
      "title": "Metadata",
      "description": "Metadata about the JSON payload",
      "type": "object",
      "properties": {
        "createdBy": {
          "title": "Created By",
          "description": "The name of the originator (user or system) of the data. This is informational only, do not use in business logic!",
          "type": "string"
        },
        "createdOn": {
          "title": "Created On",
          "description": "The date and time when the entity instance was created",
          "oneOf": [
            {
              "type": "string",
              "format": "date-time",
              "pattern": "^(-?(?:[1-9][0-9]*)?[0-9]{4})-(1[0-2]|0[1-9])-(3[0-1]|0[1-9]|[1-2][0-9])T(2[0-3]|[0-1][0-9]):([0-5][0-9]):([0-5][0-9])(\\.[0-9]+)?(Z|[+-](?:2[0-3]|[0-1][0-9]):[0-5][0-9])?$"
            },
            {
              "type": "string",
              "maxLength": 0
            }
          ]
        },
        "modifiedBy": {
          "title": "Modified By",
          "description": "The name of the modifier (user or system) of the data. This is informational only, do not use in business logic!",
          "type": "string"
        },
        "modifiedOn": {
          "title": "Modified On",
          "description": "The date and time when the entity instance was last modified",
          "oneOf": [
            {
              "type": "string",
              "format": "date-time",
              "pattern": "^(-?(?:[1-9][0-9]*)?[0-9]{4})-(1[0-2]|0[1-9])-(3[0-1]|0[1-9]|[1-2][0-9])T(2[0-3]|[0-1][0-9]):([0-5][0-9]):([0-5][0-9])(\\.[0-9]+)?(Z|[+-](?:2[0-3]|[0-1][0-9]):[0-5][0-9])?$"
            },
            {
              "type": "string",
              "maxLength": 0
            }
          ]
        }
      },
      "additionalProperties": false
    },
    "id": {
      "title": "ID",
      "description": "A globally unique identifier of a social media contact.",
      "type": "string",
      "format": "guid",
      "pattern": "^[a-f0-9]{8}(?:-[a-f0-9]{4}){3}-[a-f0-9]{12}$"
    },
    "type": {
      "title": "Social Media",
      "description": "A type of social media account.",
      "type": "object",
      "properties": {
        "socialMediaType": {
          "title": "Type",
          "description": "A type of social media account.",
          "enum": [
            "windowsLive",
            "yahoo",
            "skype",
            "qq",
            "hangouts",
            "icq",
            "jabber",
            "facebook",
            "twitter",
            "instagram",
            "tumblr",
            "pinterest",
            "linkedin",
            "foursquare",
            "youtube",
            "blog",
            "website",
            "other"
          ],
          "type": "string"
        },
        "detail": {
          "title": "Detail",
          "description": "",
          "oneOf": [
            {
              "type": "object",
              "properties": {
                "id": {
                  "title": "ID",
                  "description": "The global identifier for Detail",
                  "type": "string",
                  "format": "guid",
                  "pattern": "^[a-f0-9]{8}(?:-[a-f0-9]{4}){3}-[a-f0-9]{12}$"
                }
              },
              "links": [
                {
                  "rel": "self",
                  "href": "/social-media-types/{id}",
                  "targetSchema": {
                    "$ref": "social-media-types.json#"
                  }
                }
              ],
              "additionalProperties": false,
              "required": [
                "id"
              ]
            },
            {
              "type": "object",
              "maxProperties": 0
            }
          ]
        }
      },
      "additionalProperties": false,
      "required": [
        "socialMediaType"
      ]
    },
    "status": {
      "title": "Status",
      "description": "The status of a social media contact information.",
      "oneOf": [
        {
          "type": "string",
          "enum": [
            "active",
            "inactive"
          ]
        },
        {
          "type": "string",
          "maxLength": 0
        }
      ]
    },
    "preference": {
      "title": "Preferred Social Media",
      "description": "Whether a Social Media contact that is preferred over others of the same type.",
      "oneOf": [
        {
          "type": "string",
          "enum": [
            "primary"
          ]
        },
        {
          "type": "string",
          "maxLength": 0
        }
      ]
    },
    "address": {
      "title": "Address",
      "description": "The username, handle or other address of the social media account.",
      "type": "string",
      "minLength": 1
    }
  },
  "required": [
    "id",
    "type",
    "address"
  ],
  "additionalProperties": false
}