{
  "title": "Source",
  "description": "Source of information",
  "type": "object",
  "properties": {
    "metadata": {
      "title": "Metadata",
      "description": "Metadata about the JSON payload",
      "type": "object",
      "properties": {
        "createdBy": {
          "title": "Created By",
          "description": "The name of the originator (user or system) of the data. This is informational only, do not use in business logic!",
          "type": "string"
        },
        "createdOn": {
          "title": "Created On",
          "description": "The date and time when the entity instance was created",
          "oneOf": [
            {
              "type": "string",
              "format": "date-time",
              "pattern": "^(-?(?:[1-9][0-9]*)?[0-9]{4})-(1[0-2]|0[1-9])-(3[0-1]|0[1-9]|[1-2][0-9])T(2[0-3]|[0-1][0-9]):([0-5][0-9]):([0-5][0-9])(\\.[0-9]+)?(Z|[+-](?:2[0-3]|[0-1][0-9]):[0-5][0-9])?$"
            },
            {
              "type": "string",
              "maxLength": 0
            }
          ]
        },
        "modifiedBy": {
          "title": "Modified By",
          "description": "The name of the modifier (user or system) of the data. This is informational only, do not use in business logic!",
          "type": "string"
        },
        "modifiedOn": {
          "title": "Modified On",
          "description": "The date and time when the entity instance was last modified",
          "oneOf": [
            {
              "type": "string",
              "format": "date-time",
              "pattern": "^(-?(?:[1-9][0-9]*)?[0-9]{4})-(1[0-2]|0[1-9])-(3[0-1]|0[1-9]|[1-2][0-9])T(2[0-3]|[0-1][0-9]):([0-5][0-9]):([0-5][0-9])(\\.[0-9]+)?(Z|[+-](?:2[0-3]|[0-1][0-9]):[0-5][0-9])?$"
            },
            {
              "type": "string",
              "maxLength": 0
            }
          ]
        }
      },
      "additionalProperties": false
    },
    "id": {
      "title": "ID",
      "description": "The global identifier of the source",
      "type": "string",
      "format": "guid",
      "pattern": "^[a-f0-9]{8}(?:-[a-f0-9]{4}){3}-[a-f0-9]{12}$"
    },
    "title": {
      "title": "Title",
      "description": "The full name of the source",
      "type": "string",
      "minLength": 1
    },
    "description": {
      "title": "Description",
      "description": "The full description of the source",
      "type": "string"
    },
    "code": {
      "title": "code",
      "description": "The code of the source",
      "type": "string"
    },
    "contexts": {
      "title": "Context",
      "description": "The context the source is/was used in",
      "type": "array",
      "items": {
        "title": "Context",
        "description": "The context the source is/was used in",
        "type": "object",
        "properties": {
          "id": {
            "title": "ID",
            "description": "The global identifier for Context",
            "type": "string",
            "format": "guid",
            "pattern": "^[a-f0-9]{8}(?:-[a-f0-9]{4}){3}-[a-f0-9]{12}$"
          }
        },
        "links": [
          {
            "rel": "self",
            "href": "/source-contexts/{id}",
            "targetSchema": {
              "$ref": "source-contexts.json#"
            }
          }
        ],
        "additionalProperties": false,
        "required": [
          "id"
        ]
      }
    },
    "status": {
      "title": "Status",
      "description": "The status of the source in this context",
      "enum": [
        "active",
        "inactive"
      ],
      "type": "string"
    }
  },
  "required": [
    "id",
    "title",
    "status"
  ],
  "additionalProperties": false
}