{
  "title": "Wealth Assessment",
  "description": "An assessment of a person or organization's giving potential.",
  "type": "object",
  "properties": {
    "metadata": {
      "title": "Metadata",
      "description": "Metadata about the JSON payload",
      "type": "object",
      "properties": {
        "createdBy": {
          "title": "Created By",
          "description": "The name of the originator (user or system) of the data. This is informational only, do not use in business logic!",
          "type": "string"
        },
        "createdOn": {
          "title": "Created On",
          "description": "The date and time when the entity instance was created",
          "oneOf": [
            {
              "type": "string",
              "format": "date-time",
              "pattern": "^(-?(?:[1-9][0-9]*)?[0-9]{4})-(1[0-2]|0[1-9])-(3[0-1]|0[1-9]|[1-2][0-9])T(2[0-3]|[0-1][0-9]):([0-5][0-9]):([0-5][0-9])(\\.[0-9]+)?(Z|[+-](?:2[0-3]|[0-1][0-9]):[0-5][0-9])?$"
            },
            {
              "type": "string",
              "maxLength": 0
            }
          ]
        },
        "modifiedBy": {
          "title": "Modified By",
          "description": "The name of the modifier (user or system) of the data. This is informational only, do not use in business logic!",
          "type": "string"
        },
        "modifiedOn": {
          "title": "Modified On",
          "description": "The date and time when the entity instance was last modified",
          "oneOf": [
            {
              "type": "string",
              "format": "date-time",
              "pattern": "^(-?(?:[1-9][0-9]*)?[0-9]{4})-(1[0-2]|0[1-9])-(3[0-1]|0[1-9]|[1-2][0-9])T(2[0-3]|[0-1][0-9]):([0-5][0-9]):([0-5][0-9])(\\.[0-9]+)?(Z|[+-](?:2[0-3]|[0-1][0-9]):[0-5][0-9])?$"
            },
            {
              "type": "string",
              "maxLength": 0
            }
          ]
        }
      },
      "additionalProperties": false
    },
    "id": {
      "title": "ID",
      "description": "The global identifier of the wealth assessment record",
      "type": "string",
      "format": "guid",
      "pattern": "^[a-f0-9]{8}(?:-[a-f0-9]{4}){3}-[a-f0-9]{12}$"
    },
    "title": {
      "title": "Title",
      "description": "The full name of the wealth assessment record",
      "type": "string",
      "minLength": 1
    },
    "description": {
      "title": "Description",
      "description": "The full description of the wealth assessment record",
      "type": "string"
    },
    "informationType": {
      "title": "Information Type",
      "description": "Wealth information type",
      "type": "object",
      "properties": {
        "id": {
          "title": "ID",
          "description": "The global identifier for Information Type",
          "type": "string",
          "format": "guid",
          "pattern": "^[a-f0-9]{8}(?:-[a-f0-9]{4}){3}-[a-f0-9]{12}$"
        }
      },
      "links": [
        {
          "rel": "self",
          "href": "/wealth-information-types/{id}",
          "targetSchema": {
            "$ref": "wealth-information-types.json#"
          }
        }
      ],
      "additionalProperties": false,
      "required": [
        "id"
      ]
    },
    "constituent": {
      "title": "Constituent",
      "description": "A person, for whom wealth assessment is performed",
      "oneOf": [
        {
          "title": "Person",
          "description": "",
          "type": "object",
          "properties": {
            "person": {
              "title": "Person",
              "description": "A human being or other independent agent.",
              "type": "object",
              "properties": {
                "id": {
                  "title": "ID",
                  "description": "The global identifier for Person",
                  "type": "string",
                  "format": "guid",
                  "pattern": "^[a-f0-9]{8}(?:-[a-f0-9]{4}){3}-[a-f0-9]{12}$"
                }
              },
              "links": [
                {
                  "rel": "self",
                  "href": "/persons/{id}",
                  "targetSchema": {
                    "$ref": "persons.json#"
                  }
                }
              ],
              "additionalProperties": false,
              "required": [
                "id"
              ]
            }
          },
          "additionalProperties": false,
          "required": [
            "person"
          ]
        },
        {
          "title": "Organization",
          "description": "An organization, for which wealth assessment is performed",
          "type": "object",
          "properties": {
            "organization": {
              "title": "Organization",
              "description": "Represents a collection of people organized together into a community or other social, commercial or political structure for the purposes of education. The group has some common purpose or reason for existence which goes beyond the set of people belonging to it and can act as an Agent. Organizations are often decomposable into hierarchical structures. In the higher education context, it represents an Institution, School, College, Center, Division, and any other organizational unit that can act as an Agent.",
              "type": "object",
              "properties": {
                "id": {
                  "title": "ID",
                  "description": "The global identifier for Organization",
                  "type": "string",
                  "format": "guid",
                  "pattern": "^[a-f0-9]{8}(?:-[a-f0-9]{4}){3}-[a-f0-9]{12}$"
                }
              },
              "links": [
                {
                  "rel": "self",
                  "href": "/organizations/{id}",
                  "targetSchema": {
                    "$ref": "organizations.json#"
                  }
                }
              ],
              "additionalProperties": false,
              "required": [
                "id"
              ]
            }
          },
          "additionalProperties": false,
          "required": [
            "organization"
          ]
        }
      ]
    },
    "screeningTargetType": {
      "title": "Screening Target Type",
      "description": "The type of a wealth screening target",
      "oneOf": [
        {
          "type": "object",
          "properties": {
            "id": {
              "title": "ID",
              "description": "The global identifier for Screening Target Type",
              "type": "string",
              "format": "guid",
              "pattern": "^[a-f0-9]{8}(?:-[a-f0-9]{4}){3}-[a-f0-9]{12}$"
            }
          },
          "links": [
            {
              "rel": "self",
              "href": "/screening-target-types/{id}",
              "targetSchema": {
                "$ref": "screening-target-types.json#"
              }
            }
          ],
          "additionalProperties": false,
          "required": [
            "id"
          ]
        },
        {
          "type": "object",
          "maxProperties": 0
        }
      ]
    },
    "assets": {
      "title": "Assets",
      "description": "Assessed assets for a target",
      "type": "array",
      "items": {
        "type": "object",
        "properties": {
          "assetType": {
            "title": "Asset Type",
            "description": "A type of an asset",
            "type": "object",
            "properties": {
              "id": {
                "title": "ID",
                "description": "The global identifier for Asset Type",
                "type": "string",
                "format": "guid",
                "pattern": "^[a-f0-9]{8}(?:-[a-f0-9]{4}){3}-[a-f0-9]{12}$"
              }
            },
            "links": [
              {
                "rel": "self",
                "href": "/asset-types/{id}",
                "targetSchema": {
                  "$ref": "asset-types.json#"
                }
              }
            ],
            "additionalProperties": false,
            "required": [
              "id"
            ]
          },
          "assetState": {
            "title": "Asset State",
            "description": "The state of an asset",
            "oneOf": [
              {
                "type": "object",
                "properties": {
                  "id": {
                    "title": "ID",
                    "description": "The global identifier for Asset State",
                    "type": "string",
                    "format": "guid",
                    "pattern": "^[a-f0-9]{8}(?:-[a-f0-9]{4}){3}-[a-f0-9]{12}$"
                  }
                },
                "links": [
                  {
                    "rel": "self",
                    "href": "/asset-states/{id}",
                    "targetSchema": {
                      "$ref": "asset-states.json#"
                    }
                  }
                ],
                "additionalProperties": false,
                "required": [
                  "id"
                ]
              },
              {
                "type": "object",
                "maxProperties": 0
              }
            ]
          },
          "assetValue": {
            "title": "Asset Value",
            "description": "The assessed value of an asset for a target",
            "type": "object",
            "properties": {
              "currency": {
                "title": "currency",
                "description": "",
                "type": "object",
                "properties": {
                  "value": {
                    "title": "Value",
                    "description": "",
                    "minimum": 0,
                    "type": "number",
                    "format": "positiveNumber"
                  },
                  "currency": {
                    "title": "Currency",
                    "description": "",
                    "enum": [
                      "AED",
                      "AFN",
                      "ALL",
                      "AMD",
                      "ANG",
                      "AOA",
                      "ARS",
                      "AUD",
                      "AWG",
                      "AZN",
                      "BAM",
                      "BBD",
                      "BDT",
                      "BGN",
                      "BHD",
                      "BIF",
                      "BMD",
                      "BND",
                      "BOB",
                      "BRL",
                      "BSD",
                      "BTN",
                      "BWP",
                      "BYR",
                      "BZD",
                      "CAD",
                      "CDF",
                      "CHF",
                      "CLP",
                      "CNY",
                      "COP",
                      "CRC",
                      "CUC",
                      "CUP",
                      "CVE",
                      "CZK",
                      "DJF",
                      "DKK",
                      "DOP",
                      "DZD",
                      "EGP",
                      "ERN",
                      "ETB",
                      "EUR",
                      "FJD",
                      "FKP",
                      "GBP",
                      "GEL",
                      "GHS",
                      "GIP",
                      "GMD",
                      "GNF",
                      "GTQ",
                      "GYD",
                      "HKD",
                      "HNL",
                      "HRK",
                      "HTG",
                      "HUF",
                      "IDR",
                      "ILS",
                      "INR",
                      "IQD",
                      "IRR",
                      "ISK",
                      "JMD",
                      "JOD",
                      "JPY",
                      "KES",
                      "KGS",
                      "KHR",
                      "KMF",
                      "KPW",
                      "KRW",
                      "KWD",
                      "KYD",
                      "KZT",
                      "LAK",
                      "LBP",
                      "LKR",
                      "LRD",
                      "LSL",
                      "LYD",
                      "MAD",
                      "MDL",
                      "MGA",
                      "MKD",
                      "MMK",
                      "MNT",
                      "MOP",
                      "MRO",
                      "MUR",
                      "MVR",
                      "MWK",
                      "MXN",
                      "MYR",
                      "MZN",
                      "NAD",
                      "NGN",
                      "NIO",
                      "NOK",
                      "NPR",
                      "NZD",
                      "OMR",
                      "PAB",
                      "PEN",
                      "PGK",
                      "PHP",
                      "PKR",
                      "PLN",
                      "PYG",
                      "QAR",
                      "RON",
                      "RSD",
                      "RUB",
                      "RWF",
                      "SAR",
                      "SBD",
                      "SCR",
                      "SDG",
                      "SEK",
                      "SGD",
                      "SHP",
                      "SLL",
                      "SOS",
                      "SRD",
                      "SSP",
                      "STD",
                      "SVC",
                      "SYP",
                      "SZL",
                      "THB",
                      "TJS",
                      "TMT",
                      "TND",
                      "TOP",
                      "TRY",
                      "TTD",
                      "TWD",
                      "TZS",
                      "UAH",
                      "UGX",
                      "USD",
                      "UYU",
                      "UZS",
                      "VEF",
                      "VND",
                      "VUV",
                      "WST",
                      "XAF",
                      "XCD",
                      "XOF",
                      "XPF",
                      "YER",
                      "ZAR",
                      "ZMW",
                      "ZWL"
                    ],
                    "type": "string"
                  }
                },
                "additionalProperties": false,
                "required": [
                  "value",
                  "currency"
                ]
              }
            },
            "additionalProperties": false,
            "format": "currency"
          }
        },
        "additionalProperties": false,
        "required": [
          "assetType",
          "assetValue"
        ]
      }
    },
    "wealthRange": {
      "title": "Wealth Range",
      "description": "The assessed wealth range for a target",
      "oneOf": [
        {
          "type": "object",
          "properties": {
            "range": {
              "title": "Range",
              "description": "",
              "type": "object",
              "properties": {
                "id": {
                  "title": "ID",
                  "description": "The global identifier for Range",
                  "type": "string",
                  "format": "guid",
                  "pattern": "^[a-f0-9]{8}(?:-[a-f0-9]{4}){3}-[a-f0-9]{12}$"
                }
              },
              "links": [
                {
                  "rel": "self",
                  "href": "/wealth-ranges/{id}",
                  "targetSchema": {
                    "$ref": "wealth-ranges.json#"
                  }
                }
              ],
              "additionalProperties": false,
              "required": [
                "id"
              ]
            },
            "currencyCode": {
              "title": "Currency Code",
              "description": "International code indicating the unit of currency of the amount.",
              "enum": [
                "AED",
                "AFN",
                "ALL",
                "AMD",
                "ANG",
                "AOA",
                "ARS",
                "AUD",
                "AWG",
                "AZN",
                "BAM",
                "BBD",
                "BDT",
                "BGN",
                "BHD",
                "BIF",
                "BMD",
                "BND",
                "BOB",
                "BRL",
                "BSD",
                "BTN",
                "BWP",
                "BYR",
                "BZD",
                "CAD",
                "CDF",
                "CHF",
                "CLP",
                "CNY",
                "COP",
                "CRC",
                "CUC",
                "CUP",
                "CVE",
                "CZK",
                "DJF",
                "DKK",
                "DOP",
                "DZD",
                "EGP",
                "ERN",
                "ETB",
                "EUR",
                "FJD",
                "FKP",
                "GBP",
                "GEL",
                "GHS",
                "GIP",
                "GMD",
                "GNF",
                "GTQ",
                "GYD",
                "HKD",
                "HNL",
                "HRK",
                "HTG",
                "HUF",
                "IDR",
                "ILS",
                "INR",
                "IQD",
                "IRR",
                "ISK",
                "JMD",
                "JOD",
                "JPY",
                "KES",
                "KGS",
                "KHR",
                "KMF",
                "KPW",
                "KRW",
                "KWD",
                "KYD",
                "KZT",
                "LAK",
                "LBP",
                "LKR",
                "LRD",
                "LSL",
                "LYD",
                "MAD",
                "MDL",
                "MGA",
                "MKD",
                "MMK",
                "MNT",
                "MOP",
                "MRO",
                "MUR",
                "MVR",
                "MWK",
                "MXN",
                "MYR",
                "MZN",
                "NAD",
                "NGN",
                "NIO",
                "NOK",
                "NPR",
                "NZD",
                "OMR",
                "PAB",
                "PEN",
                "PGK",
                "PHP",
                "PKR",
                "PLN",
                "PYG",
                "QAR",
                "RON",
                "RSD",
                "RUB",
                "RWF",
                "SAR",
                "SBD",
                "SCR",
                "SDG",
                "SEK",
                "SGD",
                "SHP",
                "SLL",
                "SOS",
                "SRD",
                "SSP",
                "STD",
                "SVC",
                "SYP",
                "SZL",
                "THB",
                "TJS",
                "TMT",
                "TND",
                "TOP",
                "TRY",
                "TTD",
                "TWD",
                "TZS",
                "UAH",
                "UGX",
                "USD",
                "UYU",
                "UZS",
                "VEF",
                "VND",
                "VUV",
                "WST",
                "XAF",
                "XCD",
                "XOF",
                "XPF",
                "YER",
                "ZAR",
                "ZMW",
                "ZWL"
              ],
              "format": "currencyCode",
              "type": "string"
            }
          },
          "additionalProperties": false,
          "required": [
            "range",
            "currencyCode"
          ]
        },
        {
          "type": "object",
          "maxProperties": 0
        }
      ]
    },
    "wealthValue": {
      "title": "Wealth Value",
      "description": "Assessed value of wealth for a target",
      "oneOf": [
        {
          "type": "object",
          "properties": {
            "currency": {
              "title": "currency",
              "description": "",
              "type": "object",
              "properties": {
                "value": {
                  "title": "Value",
                  "description": "",
                  "minimum": 0,
                  "type": "number",
                  "format": "positiveNumber"
                },
                "currency": {
                  "title": "Currency",
                  "description": "",
                  "enum": [
                    "AED",
                    "AFN",
                    "ALL",
                    "AMD",
                    "ANG",
                    "AOA",
                    "ARS",
                    "AUD",
                    "AWG",
                    "AZN",
                    "BAM",
                    "BBD",
                    "BDT",
                    "BGN",
                    "BHD",
                    "BIF",
                    "BMD",
                    "BND",
                    "BOB",
                    "BRL",
                    "BSD",
                    "BTN",
                    "BWP",
                    "BYR",
                    "BZD",
                    "CAD",
                    "CDF",
                    "CHF",
                    "CLP",
                    "CNY",
                    "COP",
                    "CRC",
                    "CUC",
                    "CUP",
                    "CVE",
                    "CZK",
                    "DJF",
                    "DKK",
                    "DOP",
                    "DZD",
                    "EGP",
                    "ERN",
                    "ETB",
                    "EUR",
                    "FJD",
                    "FKP",
                    "GBP",
                    "GEL",
                    "GHS",
                    "GIP",
                    "GMD",
                    "GNF",
                    "GTQ",
                    "GYD",
                    "HKD",
                    "HNL",
                    "HRK",
                    "HTG",
                    "HUF",
                    "IDR",
                    "ILS",
                    "INR",
                    "IQD",
                    "IRR",
                    "ISK",
                    "JMD",
                    "JOD",
                    "JPY",
                    "KES",
                    "KGS",
                    "KHR",
                    "KMF",
                    "KPW",
                    "KRW",
                    "KWD",
                    "KYD",
                    "KZT",
                    "LAK",
                    "LBP",
                    "LKR",
                    "LRD",
                    "LSL",
                    "LYD",
                    "MAD",
                    "MDL",
                    "MGA",
                    "MKD",
                    "MMK",
                    "MNT",
                    "MOP",
                    "MRO",
                    "MUR",
                    "MVR",
                    "MWK",
                    "MXN",
                    "MYR",
                    "MZN",
                    "NAD",
                    "NGN",
                    "NIO",
                    "NOK",
                    "NPR",
                    "NZD",
                    "OMR",
                    "PAB",
                    "PEN",
                    "PGK",
                    "PHP",
                    "PKR",
                    "PLN",
                    "PYG",
                    "QAR",
                    "RON",
                    "RSD",
                    "RUB",
                    "RWF",
                    "SAR",
                    "SBD",
                    "SCR",
                    "SDG",
                    "SEK",
                    "SGD",
                    "SHP",
                    "SLL",
                    "SOS",
                    "SRD",
                    "SSP",
                    "STD",
                    "SVC",
                    "SYP",
                    "SZL",
                    "THB",
                    "TJS",
                    "TMT",
                    "TND",
                    "TOP",
                    "TRY",
                    "TTD",
                    "TWD",
                    "TZS",
                    "UAH",
                    "UGX",
                    "USD",
                    "UYU",
                    "UZS",
                    "VEF",
                    "VND",
                    "VUV",
                    "WST",
                    "XAF",
                    "XCD",
                    "XOF",
                    "XPF",
                    "YER",
                    "ZAR",
                    "ZMW",
                    "ZWL"
                  ],
                  "type": "string"
                }
              },
              "additionalProperties": false,
              "required": [
                "value",
                "currency"
              ]
            }
          },
          "additionalProperties": false,
          "format": "currency"
        },
        {
          "type": "object",
          "maxProperties": 0
        }
      ]
    },
    "status": {
      "title": "Status",
      "description": "The status of the wealth assessment data",
      "oneOf": [
        {
          "type": "object",
          "properties": {
            "id": {
              "title": "ID",
              "description": "The global identifier for Status",
              "type": "string",
              "format": "guid",
              "pattern": "^[a-f0-9]{8}(?:-[a-f0-9]{4}){3}-[a-f0-9]{12}$"
            }
          },
          "links": [
            {
              "rel": "self",
              "href": "/wealth-assessment-statuses/{id}",
              "targetSchema": {
                "$ref": "wealth-assessment-statuses.json#"
              }
            }
          ],
          "additionalProperties": false,
          "required": [
            "id"
          ]
        },
        {
          "type": "object",
          "maxProperties": 0
        }
      ]
    },
    "metrics": {
      "title": "Metrics",
      "description": "Wealth assessment and/or giving capacity metrics",
      "type": "array",
      "items": {
        "oneOf": [
          {
            "title": "Metric",
            "description": "A measurement of wealth.",
            "type": "object",
            "properties": {
              "metric": {
                "title": "Metric",
                "description": "The wealth assessment metric.",
                "type": "object",
                "properties": {
                  "id": {
                    "title": "ID",
                    "description": "The global identifier for Metric",
                    "type": "string",
                    "format": "guid",
                    "pattern": "^[a-f0-9]{8}(?:-[a-f0-9]{4}){3}-[a-f0-9]{12}$"
                  }
                },
                "links": [
                  {
                    "rel": "self",
                    "href": "/wealth-assessment-metrics/{id}",
                    "targetSchema": {
                      "$ref": "wealth-assessment-metrics.json#"
                    }
                  }
                ],
                "additionalProperties": false,
                "required": [
                  "id"
                ]
              },
              "value": {
                "title": "Value",
                "description": "The values of a wealth assessment metric",
                "type": "string"
              }
            },
            "additionalProperties": false,
            "required": [
              "metric"
            ]
          }
        ]
      }
    },
    "confidenceLevel": {
      "title": "Confidence Level",
      "description": "Confidence level for an assessment",
      "oneOf": [
        {
          "type": "object",
          "properties": {
            "id": {
              "title": "ID",
              "description": "The global identifier for Confidence Level",
              "type": "string",
              "format": "guid",
              "pattern": "^[a-f0-9]{8}(?:-[a-f0-9]{4}){3}-[a-f0-9]{12}$"
            }
          },
          "links": [
            {
              "rel": "self",
              "href": "/confidence-levels/{id}",
              "targetSchema": {
                "$ref": "confidence-levels.json#"
              }
            }
          ],
          "additionalProperties": false,
          "required": [
            "id"
          ]
        },
        {
          "type": "object",
          "maxProperties": 0
        }
      ]
    },
    "assessmentDate": {
      "title": "Assessment Date",
      "description": "The date of an assessment",
      "type": "string",
      "format": "date-time",
      "pattern": "^(-?(?:[1-9][0-9]*)?[0-9]{4})-(1[0-2]|0[1-9])-(3[0-1]|0[1-9]|[1-2][0-9])T(2[0-3]|[0-1][0-9]):([0-5][0-9]):([0-5][0-9])(\\.[0-9]+)?(Z|[+-](?:2[0-3]|[0-1][0-9]):[0-5][0-9])?$"
    },
    "source": {
      "title": "Source",
      "description": "Assessment information source",
      "type": "object",
      "properties": {
        "id": {
          "title": "ID",
          "description": "The global identifier for Source",
          "type": "string",
          "format": "guid",
          "pattern": "^[a-f0-9]{8}(?:-[a-f0-9]{4}){3}-[a-f0-9]{12}$"
        }
      },
      "links": [
        {
          "rel": "self",
          "href": "/sources/{id}",
          "targetSchema": {
            "$ref": "sources.json#"
          }
        }
      ],
      "additionalProperties": false,
      "required": [
        "id"
      ]
    }
  },
  "required": [
    "id",
    "title",
    "informationType",
    "constituent",
    "assessmentDate",
    "source"
  ],
  "additionalProperties": false
}